2026-05-12 00:30:21,050 [INFO] LogOutputStream:77 - [STDOUT_REDIRECT] Nominal 
2026-05-12 00:30:21,063 [INFO] Can:71 - Can Add PropertyChangeListener com.st.microxplorer.plugins.ip.can.Can@32dfb3f2
2026-05-12 00:30:21,192 [INFO] CADModel:165 - CPN selected for project levelSTM32H743VIT6
2026-05-12 00:30:21,192 [INFO] CADModel:114 - Register for checkConnection events
2026-05-12 00:30:21,265 [INFO] OpenFileManager:386 - Restore cursor
2026-05-12 00:30:21,729 [WARN] IP:2250 - ClockDivider not found: check if there is a RefParameter without a condition.
2026-05-12 00:30:21,731 [WARN] IP:2250 - ClockDividerCCU not found: check if there is a RefParameter without a condition.
2026-05-12 00:30:21,731 [WARN] IP:2250 - MinOscClkPeriodsCCU not found: check if there is a RefParameter without a condition.
2026-05-12 00:30:21,731 [WARN] IP:2250 - TimeQuantaPerBitTimeCCU not found: check if there is a RefParameter without a condition.
2026-05-12 00:30:21,731 [WARN] IP:2250 - WatchdogStartValueCCU not found: check if there is a RefParameter without a condition.
2026-05-12 00:30:28,116 [INFO] NvicIntPanel:101 - NVIC parent = com.st.microxplorer.plugins.ip.nvic.MultiNvicIntPanel[,0,0,0x0,invalid,layout=javax.swing.BoxLayout,alignmentX=0.0,alignmentY=0.0,border=,flags=9,maximumSize=,minimumSize=,preferredSize=]
2026-05-12 00:30:33,883 [WARN] IP:2250 - ClockDivider not found: check if there is a RefParameter without a condition.
2026-05-12 00:30:33,884 [WARN] IP:2250 - ClockDividerCCU not found: check if there is a RefParameter without a condition.
2026-05-12 00:30:33,884 [WARN] IP:2250 - MinOscClkPeriodsCCU not found: check if there is a RefParameter without a condition.
2026-05-12 00:30:33,884 [WARN] IP:2250 - TimeQuantaPerBitTimeCCU not found: check if there is a RefParameter without a condition.
2026-05-12 00:30:33,884 [WARN] IP:2250 - WatchdogStartValueCCU not found: check if there is a RefParameter without a condition.
2026-05-12 00:30:33,945 [INFO] NvicIntPanel:101 - NVIC parent = com.st.microxplorer.plugins.ip.nvic.MultiNvicIntPanel[,0,0,0x0,invalid,layout=javax.swing.BoxLayout,alignmentX=0.0,alignmentY=0.0,border=,flags=9,maximumSize=,minimumSize=,preferredSize=]
2026-05-12 00:30:35,477 [INFO] UtilMem:75 - End SaveConfig() Used Memory: 970949312 Bytes (1073741824)
2026-05-12 00:30:36,575 [INFO] UtilMem:75 - End SaveConfig() Used Memory: 1005552320 Bytes (1073741824)
2026-05-12 00:30:37,531 [INFO] UtilMem:75 - End SaveConfig() Used Memory: 992299216 Bytes (1073741824)
2026-05-12 00:30:38,329 [INFO] BlockDiagram:2775 - set Specific Code input for plugin: RCC
2026-05-12 00:30:38,330 [INFO] BlockDiagram:2775 - set Specific Code input for plugin: USART
2026-05-12 00:30:38,330 [INFO] BlockDiagram:2775 - set Specific Code input for plugin: FDCAN
2026-05-12 00:30:38,330 [INFO] BlockDiagram:2775 - set Specific Code input for plugin: MEMORYMAP
2026-05-12 00:30:38,330 [INFO] BlockDiagram:2775 - set Specific Code input for plugin: SYS
2026-05-12 00:30:38,330 [INFO] BlockDiagram:2775 - set Specific Code input for plugin: NVIC
2026-05-12 00:30:38,330 [INFO] BlockDiagram:2775 - set Specific Code input for plugin: CORTEX_M7
2026-05-12 00:30:38,331 [INFO] BlockDiagram:2775 - set Specific Code input for plugin: GPIO
2026-05-12 00:30:38,332 [INFO] CodeGenerator:892 - code generatio: config db path: D:\STM32CubeIDE_1.19.0\STM32CubeIDE\plugins\com.st.stm32cube.common.mx_6.15.0.202507011659\\db\
2026-05-12 00:30:38,345 [WARN] IP:2250 - ClockDivider not found: check if there is a RefParameter without a condition.
2026-05-12 00:30:38,346 [WARN] IP:2250 - ClockDividerCCU not found: check if there is a RefParameter without a condition.
2026-05-12 00:30:38,346 [WARN] IP:2250 - MinOscClkPeriodsCCU not found: check if there is a RefParameter without a condition.
2026-05-12 00:30:38,346 [WARN] IP:2250 - TimeQuantaPerBitTimeCCU not found: check if there is a RefParameter without a condition.
2026-05-12 00:30:38,346 [WARN] IP:2250 - WatchdogStartValueCCU not found: check if there is a RefParameter without a condition.
2026-05-12 00:30:38,751 [INFO] CodeEngine:265 - oldGeneratedFile, F:\BTLHTĐKN\MCU\Master_H743_Ver_1\MXTmpFiles\license.tmp_save
2026-05-12 00:30:39,180 [INFO] CodeEngine:289 - Generated code: F:\BTLHTĐKN\MCU\Master_H743_Ver_1\MXTmpFiles\license.tmp
2026-05-12 00:30:39,316 [INFO] CodeEngine:265 - oldGeneratedFile, F:\BTLHTĐKN\MCU\Master_H743_Ver_1\MXTmpFiles\gpio.tmp_save
2026-05-12 00:30:39,621 [INFO] CodeEngine:289 - Generated code: F:\BTLHTĐKN\MCU\Master_H743_Ver_1\MXTmpFiles\gpio.tmp
2026-05-12 00:30:39,766 [WARN] IPConfigManager:103 - WARNING: Missing Config File for MEMORYMAP ip!!
2026-05-12 00:30:40,018 [INFO] CodeEngine:265 - oldGeneratedFile, F:\BTLHTĐKN\MCU\Master_H743_Ver_1\MXTmpFiles\cortex.tmp_save
2026-05-12 00:30:40,217 [INFO] CodeEngine:289 - Generated code: F:\BTLHTĐKN\MCU\Master_H743_Ver_1\MXTmpFiles\cortex.tmp
2026-05-12 00:30:40,251 [INFO] CodeEngine:265 - oldGeneratedFile, F:\BTLHTĐKN\MCU\Master_H743_Ver_1\Core\Src\stm32h7xx_it.c_save
2026-05-12 00:30:40,725 [INFO] CodeEngine:289 - Generated code: F:\BTLHTĐKN\MCU\Master_H743_Ver_1\Core\Src\stm32h7xx_it.c
2026-05-12 00:30:40,738 [INFO] CodeEngine:265 - oldGeneratedFile, F:\BTLHTĐKN\MCU\Master_H743_Ver_1\Core\Inc\stm32h7xx_it.h_save
2026-05-12 00:30:40,947 [INFO] CodeEngine:289 - Generated code: F:\BTLHTĐKN\MCU\Master_H743_Ver_1\Core\Inc\stm32h7xx_it.h
2026-05-12 00:30:41,078 [INFO] CodeEngine:265 - oldGeneratedFile, F:\BTLHTĐKN\MCU\Master_H743_Ver_1\Core\Src\stm32h7xx_hal_msp.c_save
2026-05-12 00:30:41,307 [INFO] CodeEngine:289 - Generated code: F:\BTLHTĐKN\MCU\Master_H743_Ver_1\Core\Src\stm32h7xx_hal_msp.c
2026-05-12 00:30:41,315 [INFO] CodeEngine:265 - oldGeneratedFile, F:\BTLHTĐKN\MCU\Master_H743_Ver_1\MXTmpFiles\system.tmp_save
2026-05-12 00:30:41,426 [INFO] CodeEngine:289 - Generated code: F:\BTLHTĐKN\MCU\Master_H743_Ver_1\MXTmpFiles\system.tmp
2026-05-12 00:30:41,441 [INFO] CodeEngine:321 - oldGeneratedFile, F:\BTLHTĐKN\MCU\Master_H743_Ver_1\Core\Inc\stm32h7xx_hal_conf.h_save
2026-05-12 00:30:41,519 [INFO] CodeEngine:345 - Generated code: F:\BTLHTĐKN\MCU\Master_H743_Ver_1\Core\Inc\stm32h7xx_hal_conf.h
2026-05-12 00:30:41,568 [INFO] ApiDbMcu:532 - Load IP Config File for FDCAN1
2026-05-12 00:30:41,578 [INFO] ApiDbMcu:532 - Load IP Config File for USART1
2026-05-12 00:30:41,583 [INFO] ApiDbMcu:532 - Load IP Config File for RCC
2026-05-12 00:30:41,594 [INFO] CodeEngine:265 - oldGeneratedFile, F:\BTLHTĐKN\MCU\Master_H743_Ver_1\Core\Inc\main.h_save
2026-05-12 00:30:41,693 [INFO] CodeEngine:289 - Generated code: F:\BTLHTĐKN\MCU\Master_H743_Ver_1\Core\Inc\main.h
2026-05-12 00:30:41,701 [INFO] CodeEngine:265 - oldGeneratedFile, F:\BTLHTĐKN\MCU\Master_H743_Ver_1\Core\Src\main.c_save
2026-05-12 00:30:41,819 [INFO] CodeEngine:289 - Generated code: F:\BTLHTĐKN\MCU\Master_H743_Ver_1\Core\Src\main.c
2026-05-12 00:30:42,361 [INFO] ProjectBuilder:3606 - Time for Copy HAL[1] : 270mS.
2026-05-12 00:30:42,368 [INFO] ProjectBuilder:5216 - Project Generator version: 4.7.0-B52
2026-05-12 00:30:42,529 [INFO] ConfigFileManager:1595 - The Die is : DIE450
2026-05-12 00:30:42,539 [INFO] ApiDbMcu:532 - Load IP Config File for FATFS
2026-05-12 00:30:42,552 [INFO] ApiDbMcu:532 - Load IP Config File for FREERTOS
2026-05-12 00:30:42,555 [INFO] ApiDbMcu:532 - Load IP Config File for LIBJPEG
2026-05-12 00:30:42,564 [INFO] ApiDbMcu:532 - Load IP Config File for LWIP
2026-05-12 00:30:42,573 [INFO] ApiDbMcu:532 - Load IP Config File for MBEDTLS
2026-05-12 00:30:42,602 [INFO] ApiDbMcu:532 - Load IP Config File for USB_DEVICE
2026-05-12 00:30:42,607 [INFO] ApiDbMcu:532 - Load IP Config File for USB_HOST
2026-05-12 00:30:45,448 [INFO] ProjectBuilder:5496 - Time for Generating toolchain IDE Files: 3081mS.
2026-05-12 00:30:45,449 [INFO] ProjectBuilder:3463 - Time for Copy CMSIS : 0mS.
2026-05-12 00:30:45,451 [INFO] ProjectBuilder:3463 - Time for Copy CMSIS : 0mS.
2026-05-12 00:34:46,226 [WARN] IP:2250 - ClockDivider not found: check if there is a RefParameter without a condition.
2026-05-12 00:34:46,227 [WARN] IP:2250 - ClockDividerCCU not found: check if there is a RefParameter without a condition.
2026-05-12 00:34:46,227 [WARN] IP:2250 - MinOscClkPeriodsCCU not found: check if there is a RefParameter without a condition.
2026-05-12 00:34:46,227 [WARN] IP:2250 - TimeQuantaPerBitTimeCCU not found: check if there is a RefParameter without a condition.
2026-05-12 00:34:46,227 [WARN] IP:2250 - WatchdogStartValueCCU not found: check if there is a RefParameter without a condition.
2026-05-12 00:34:46,294 [INFO] NvicIntPanel:101 - NVIC parent = com.st.microxplorer.plugins.ip.nvic.MultiNvicIntPanel[,0,0,0x0,invalid,layout=javax.swing.BoxLayout,alignmentX=0.0,alignmentY=0.0,border=,flags=9,maximumSize=,minimumSize=,preferredSize=]
2026-05-12 00:34:48,422 [WARN] IP:2250 - ClockDivider not found: check if there is a RefParameter without a condition.
2026-05-12 00:34:48,422 [WARN] IP:2250 - ClockDividerCCU not found: check if there is a RefParameter without a condition.
2026-05-12 00:34:48,422 [WARN] IP:2250 - MinOscClkPeriodsCCU not found: check if there is a RefParameter without a condition.
2026-05-12 00:34:48,422 [WARN] IP:2250 - TimeQuantaPerBitTimeCCU not found: check if there is a RefParameter without a condition.
2026-05-12 00:34:48,422 [WARN] IP:2250 - WatchdogStartValueCCU not found: check if there is a RefParameter without a condition.
2026-05-12 00:34:48,495 [INFO] NvicIntPanel:101 - NVIC parent = com.st.microxplorer.plugins.ip.nvic.MultiNvicIntPanel[,0,0,0x0,invalid,layout=javax.swing.BoxLayout,alignmentX=0.0,alignmentY=0.0,border=,flags=9,maximumSize=,minimumSize=,preferredSize=]
2026-05-12 00:34:50,065 [INFO] UtilMem:75 - End SaveConfig() Used Memory: 977056856 Bytes (1073741824)
2026-05-12 00:34:51,070 [INFO] UtilMem:75 - End SaveConfig() Used Memory: 1011619232 Bytes (1073741824)
2026-05-12 00:34:52,008 [INFO] UtilMem:75 - End SaveConfig() Used Memory: 995945088 Bytes (1073741824)
2026-05-12 00:34:52,486 [INFO] BlockDiagram:2775 - set Specific Code input for plugin: RCC
2026-05-12 00:34:52,486 [INFO] BlockDiagram:2775 - set Specific Code input for plugin: USART
2026-05-12 00:34:52,486 [INFO] BlockDiagram:2775 - set Specific Code input for plugin: FDCAN
2026-05-12 00:34:52,486 [INFO] BlockDiagram:2775 - set Specific Code input for plugin: MEMORYMAP
2026-05-12 00:34:52,486 [INFO] BlockDiagram:2775 - set Specific Code input for plugin: SYS
2026-05-12 00:34:52,486 [INFO] BlockDiagram:2775 - set Specific Code input for plugin: NVIC
2026-05-12 00:34:52,486 [INFO] BlockDiagram:2775 - set Specific Code input for plugin: CORTEX_M7
2026-05-12 00:34:52,488 [INFO] BlockDiagram:2775 - set Specific Code input for plugin: GPIO
2026-05-12 00:34:52,489 [INFO] CodeGenerator:892 - code generatio: config db path: D:\STM32CubeIDE_1.19.0\STM32CubeIDE\plugins\com.st.stm32cube.common.mx_6.15.0.202507011659\\db\
2026-05-12 00:34:52,504 [WARN] IP:2250 - ClockDivider not found: check if there is a RefParameter without a condition.
2026-05-12 00:34:52,504 [WARN] IP:2250 - ClockDividerCCU not found: check if there is a RefParameter without a condition.
2026-05-12 00:34:52,505 [WARN] IP:2250 - MinOscClkPeriodsCCU not found: check if there is a RefParameter without a condition.
2026-05-12 00:34:52,505 [WARN] IP:2250 - TimeQuantaPerBitTimeCCU not found: check if there is a RefParameter without a condition.
2026-05-12 00:34:52,505 [WARN] IP:2250 - WatchdogStartValueCCU not found: check if there is a RefParameter without a condition.
2026-05-12 00:34:52,717 [INFO] CodeEngine:265 - oldGeneratedFile, F:\BTLHTĐKN\MCU\Master_H743_Ver_1\MXTmpFiles\license.tmp_save
2026-05-12 00:34:53,156 [INFO] CodeEngine:289 - Generated code: F:\BTLHTĐKN\MCU\Master_H743_Ver_1\MXTmpFiles\license.tmp
2026-05-12 00:34:53,209 [INFO] CodeEngine:265 - oldGeneratedFile, F:\BTLHTĐKN\MCU\Master_H743_Ver_1\MXTmpFiles\gpio.tmp_save
2026-05-12 00:34:53,366 [INFO] CodeEngine:289 - Generated code: F:\BTLHTĐKN\MCU\Master_H743_Ver_1\MXTmpFiles\gpio.tmp
2026-05-12 00:34:53,433 [WARN] IPConfigManager:103 - WARNING: Missing Config File for MEMORYMAP ip!!
2026-05-12 00:34:53,526 [INFO] CodeEngine:265 - oldGeneratedFile, F:\BTLHTĐKN\MCU\Master_H743_Ver_1\MXTmpFiles\cortex.tmp_save
2026-05-12 00:34:53,652 [INFO] CodeEngine:289 - Generated code: F:\BTLHTĐKN\MCU\Master_H743_Ver_1\MXTmpFiles\cortex.tmp
2026-05-12 00:34:53,672 [INFO] CodeEngine:265 - oldGeneratedFile, F:\BTLHTĐKN\MCU\Master_H743_Ver_1\Core\Src\stm32h7xx_it.c_save
2026-05-12 00:34:53,977 [INFO] CodeEngine:289 - Generated code: F:\BTLHTĐKN\MCU\Master_H743_Ver_1\Core\Src\stm32h7xx_it.c
2026-05-12 00:34:53,987 [INFO] CodeEngine:265 - oldGeneratedFile, F:\BTLHTĐKN\MCU\Master_H743_Ver_1\Core\Inc\stm32h7xx_it.h_save
2026-05-12 00:34:54,122 [INFO] CodeEngine:289 - Generated code: F:\BTLHTĐKN\MCU\Master_H743_Ver_1\Core\Inc\stm32h7xx_it.h
2026-05-12 00:34:54,207 [INFO] CodeEngine:265 - oldGeneratedFile, F:\BTLHTĐKN\MCU\Master_H743_Ver_1\Core\Src\stm32h7xx_hal_msp.c_save
2026-05-12 00:34:54,430 [INFO] CodeEngine:289 - Generated code: F:\BTLHTĐKN\MCU\Master_H743_Ver_1\Core\Src\stm32h7xx_hal_msp.c
2026-05-12 00:34:54,436 [INFO] CodeEngine:265 - oldGeneratedFile, F:\BTLHTĐKN\MCU\Master_H743_Ver_1\MXTmpFiles\system.tmp_save
2026-05-12 00:34:54,559 [INFO] CodeEngine:289 - Generated code: F:\BTLHTĐKN\MCU\Master_H743_Ver_1\MXTmpFiles\system.tmp
2026-05-12 00:34:54,575 [INFO] CodeEngine:321 - oldGeneratedFile, F:\BTLHTĐKN\MCU\Master_H743_Ver_1\Core\Inc\stm32h7xx_hal_conf.h_save
2026-05-12 00:34:54,716 [INFO] CodeEngine:345 - Generated code: F:\BTLHTĐKN\MCU\Master_H743_Ver_1\Core\Inc\stm32h7xx_hal_conf.h
2026-05-12 00:34:54,766 [INFO] CodeEngine:265 - oldGeneratedFile, F:\BTLHTĐKN\MCU\Master_H743_Ver_1\Core\Inc\main.h_save
2026-05-12 00:34:54,884 [INFO] CodeEngine:289 - Generated code: F:\BTLHTĐKN\MCU\Master_H743_Ver_1\Core\Inc\main.h
2026-05-12 00:34:54,889 [INFO] CodeEngine:265 - oldGeneratedFile, F:\BTLHTĐKN\MCU\Master_H743_Ver_1\Core\Src\main.c_save
2026-05-12 00:34:55,010 [INFO] CodeEngine:289 - Generated code: F:\BTLHTĐKN\MCU\Master_H743_Ver_1\Core\Src\main.c
2026-05-12 00:34:55,355 [INFO] ProjectBuilder:3606 - Time for Copy HAL[1] : 192mS.
2026-05-12 00:34:55,360 [INFO] ProjectBuilder:5216 - Project Generator version: 4.7.0-B52
2026-05-12 00:34:55,471 [INFO] ConfigFileManager:1595 - The Die is : DIE450
2026-05-12 00:34:57,593 [INFO] ProjectBuilder:5496 - Time for Generating toolchain IDE Files: 2229mS.
2026-05-12 00:34:57,598 [INFO] ProjectBuilder:3463 - Time for Copy CMSIS : 3mS.
2026-05-12 00:34:57,601 [INFO] ProjectBuilder:3463 - Time for Copy CMSIS : 0mS.
2026-05-12 00:48:00,953 [INFO] MainUpdater:2872 - connection check result : 10
2026-05-12 00:48:00,953 [INFO] MainUpdater:2872 - connection check result : 10
2026-05-12 00:48:01,567 [INFO] LogOutputStream:77 - [STDOUT_REDIRECT] Nominal 
2026-05-12 00:48:01,577 [INFO] MicroXplorer:468 - Change Database Path : 
2026-05-12 00:48:01,577 [INFO] MicroXplorer:498 - Change Database Version : DB.6.0.150
2026-05-12 00:48:01,669 [ERROR] ProjectManagerView:395 - 
java.lang.NullPointerException: Cannot invoke "javax.swing.JTextField.getText()" because the return value of "java.util.List.get(int)" is null
	at com.st.microxplorer.plugins.projectmanager.gui.ProjectChoiceTab$9.caretUpdate(ProjectChoiceTab.java:2706) ~[filemanager.jar:?]
	at javax.swing.text.JTextComponent.fireCaretUpdate(JTextComponent.java:408) ~[?:?]
	at javax.swing.text.JTextComponent$MutableCaretEvent.fire(JTextComponent.java:4484) ~[?:?]
	at javax.swing.text.JTextComponent$MutableCaretEvent.stateChanged(JTextComponent.java:4506) ~[?:?]
	at javax.swing.text.DefaultCaret.fireStateChanged(DefaultCaret.java:857) ~[?:?]
	at javax.swing.text.DefaultCaret.changeCaretPosition(DefaultCaret.java:1343) ~[?:?]
	at javax.swing.text.DefaultCaret.handleSetDot(DefaultCaret.java:1242) ~[?:?]
	at javax.swing.text.DefaultCaret.setDot(DefaultCaret.java:1223) ~[?:?]
	at javax.swing.text.DefaultCaret$Handler.insertUpdate(DefaultCaret.java:1819) ~[?:?]
	at javax.swing.text.AbstractDocument.fireInsertUpdate(AbstractDocument.java:227) ~[?:?]
	at javax.swing.text.AbstractDocument.handleInsertString(AbstractDocument.java:781) ~[?:?]
	at javax.swing.text.AbstractDocument.insertString(AbstractDocument.java:740) ~[?:?]
	at javax.swing.text.PlainDocument.insertString(PlainDocument.java:131) ~[?:?]
	at javax.swing.text.AbstractDocument.replace(AbstractDocument.java:699) ~[?:?]
	at javax.swing.text.JTextComponent.setText(JTextComponent.java:1725) ~[?:?]
	at com.st.microxplorer.plugins.projectmanager.gui.ProjectChoiceTab.createHeapStackFields(ProjectChoiceTab.java:993) ~[filemanager.jar:?]
	at com.st.microxplorer.plugins.projectmanager.gui.ProjectChoiceTab.buildLinkSettingsPanel(ProjectChoiceTab.java:3813) ~[filemanager.jar:?]
	at com.st.microxplorer.plugins.projectmanager.gui.ProjectChoiceTab.defineWindowsFields(ProjectChoiceTab.java:1987) ~[filemanager.jar:?]
	at com.st.microxplorer.plugins.projectmanager.gui.ProjectChoiceTab.updateSettings(ProjectChoiceTab.java:558) ~[filemanager.jar:?]
	at com.st.microxplorer.plugins.projectmanager.gui.ProjectSettingsPanel.UpdateDialog(ProjectSettingsPanel.java:247) ~[filemanager.jar:?]
	at com.st.microxplorer.plugins.projectmanager.ProjectManagerView.propertyChange(ProjectManagerView.java:392) ~[filemanager.jar:?]
	at java.beans.PropertyChangeSupport.fire(PropertyChangeSupport.java:343) ~[?:?]
	at java.beans.PropertyChangeSupport.firePropertyChange(PropertyChangeSupport.java:335) ~[?:?]
	at java.beans.PropertyChangeSupport.firePropertyChange(PropertyChangeSupport.java:268) ~[?:?]
	at com.st.microxplorer.util.MXPropertyChangeSupport.firePropertyChange(MXPropertyChangeSupport.java:54) ~[STM32CubeMX.jar:?]
	at com.st.microxplorer.mxsystem.MxSystem.closeConfig(MxSystem.java:899) ~[STM32CubeMX.jar:?]
	at com.st.microxplorer.maingui.MainPanel.closeConfig(MainPanel.java:792) ~[STM32CubeMX.jar:?]
	at com.st.microxplorer.plugins.filemanager.engine.OpenFileManager.loadConfigurationFile(OpenFileManager.java:288) ~[filemanager.jar:?]
	at com.st.microxplorer.plugins.filemanager.engine.MainFileManager.userLoadConfig(MainFileManager.java:364) ~[filemanager.jar:?]
	at com.st.microxplorer.plugins.filemanager.engine.MainFileManager.userLoadConfig(MainFileManager.java:342) ~[filemanager.jar:?]
	at com.st.microxplorer.plugins.filemanager.FileManagerView.getSpecificTask(FileManagerView.java:264) ~[filemanager.jar:?]
	at com.st.stm32cube.common.mx.editor.CubeMxEditor.getMxTabbedPaneInstance(CubeMxEditor.java:1198) ~[com.st.stm32cube.common.mx_6.15.0.202507011659/:?]
	at com.st.stm32cube.common.mx.editor.CubeMxEditor$12$1.createSwingComponent(CubeMxEditor.java:1068) ~[com.st.stm32cube.common.mx_6.15.0.202507011659/:?]
	at com.st.stm32cube.common.mx.oss.core.awtswtbridge.EmbeddedSwingComposite.doComponentCreation(EmbeddedSwingComposite.java:492) ~[com.st.stm32cube.common.mx.oss_6.15.0.202507011659/:?]
	at com.st.stm32cube.common.mx.oss.core.awtswtbridge.EmbeddedSwingComposite$4.run(EmbeddedSwingComposite.java:291) ~[com.st.stm32cube.common.mx.oss_6.15.0.202507011659/:?]
	at com.st.stm32cube.common.mx.oss.core.awtswtbridge.AwtEnvironment$2.run(AwtEnvironment.java:166) ~[com.st.stm32cube.common.mx.oss_6.15.0.202507011659/:?]
	at java.awt.event.InvocationEvent.dispatch(InvocationEvent.java:318) ~[?:?]
	at java.awt.EventQueue.dispatchEventImpl(EventQueue.java:773) ~[?:?]
	at java.awt.EventQueue$4.run(EventQueue.java:720) ~[?:?]
	at java.awt.EventQueue$4.run(EventQueue.java:714) ~[?:?]
	at java.security.AccessController.doPrivileged(AccessController.java:400) ~[?:?]
	at java.security.ProtectionDomain$JavaSecurityAccessImpl.doIntersectionPrivilege(ProtectionDomain.java:87) ~[?:?]
	at java.awt.EventQueue.dispatchEvent(EventQueue.java:742) ~[?:?]
	at java.awt.EventDispatchThread.pumpOneEventForFilters(EventDispatchThread.java:203) ~[?:?]
	at java.awt.EventDispatchThread.pumpEventsForFilter(EventDispatchThread.java:124) ~[?:?]
	at java.awt.EventDispatchThread.pumpEventsForHierarchy(EventDispatchThread.java:113) ~[?:?]
	at java.awt.EventDispatchThread.pumpEvents(EventDispatchThread.java:109) ~[?:?]
	at java.awt.EventDispatchThread.pumpEvents(EventDispatchThread.java:101) ~[?:?]
	at java.awt.EventDispatchThread.run(EventDispatchThread.java:90) ~[?:?]
2026-05-12 00:48:01,671 [WARN] ThirdParty:871 - waiting for thirdparty lock release [close project]
2026-05-12 00:48:01,672 [INFO] ThirdParty:873 - entering critical section [close project]
2026-05-12 00:48:01,672 [INFO] ThirdParty:883 - exiting critical section [close project]
2026-05-12 00:48:01,677 [INFO] PinOutPanel:1589 - setPackage(No Configuration,No Configuration)
2026-05-12 00:48:01,692 [WARN] IpParametersView:155 - Warning: This peripheral hasn't parameters
2026-05-12 00:48:01,710 [WARN] MainPanel:289 - <html><b><center>Warning: This peripheral has no parameters to be configured<br></b></html>
2026-05-12 00:48:01,718 [INFO] UtilMem:75 - Begin LoadConfig() Used Memory: 999234808 Bytes (1073741824)
2026-05-12 00:48:01,719 [INFO] MicroXplorer:468 - Change Database Path : 
2026-05-12 00:48:01,719 [INFO] MicroXplorer:498 - Change Database Version : DB.6.0.150
2026-05-12 00:48:01,719 [INFO] OpenFileManager:355 - Change cursor
2026-05-12 00:48:01,781 [INFO] RulesReader:64 - Compatibility file has been processed (317 Rules)
2026-05-12 00:48:01,801 [INFO] Mcu:2029 - Initializing MCU STM32F407V(E-G)Tx STM32F407VGTx STM32F407VGT6
2026-05-12 00:48:03,748 [INFO] Context:786 - Trying to add GPIOservice into a context  which must be forbidden
2026-05-12 00:48:04,575 [INFO] ImportTextPane:234 - (OptionalMessage_ERROR) Pin10 (VP_RIF_VS_RIF1) cannot be retrieved for this MCU
2026-05-12 00:48:05,256 [INFO] RtosManager:558 - Registered RTOS mode: class=CMSIS, group=RTOS, mode=CMSIS_V1, owner=FREERTOS
2026-05-12 00:48:05,257 [INFO] RtosManager:558 - Registered RTOS mode: class=CMSIS, group=RTOS2, mode=CMSIS_V2, owner=FREERTOS
2026-05-12 00:48:05,257 [INFO] RtosManager:558 - Registered RTOS mode: class=RTOS, group=Core, mode=CMSIS_V1, owner=FREERTOS
2026-05-12 00:48:05,257 [INFO] RtosManager:558 - Registered RTOS mode: class=RTOS, group=Core, mode=CMSIS_V2, owner=FREERTOS
2026-05-12 00:48:05,258 [WARN] ModelIntegratedComponent:184 - Missing modes for component STMicroelectronics:FreeRTOS:0.0.1:STMicroelectronics:RTOS:FreeRTOS:Core:::10.2.0:
2026-05-12 00:48:05,263 [WARN] ModelIntegratedComponent:63 - No mode defined for component null
2026-05-12 00:48:05,264 [WARN] ModelIntegratedComponent:63 - No mode defined for component null
2026-05-12 00:48:05,264 [WARN] ModelIntegratedComponent:63 - No mode defined for component null
2026-05-12 00:48:05,264 [WARN] ModelIntegratedComponent:63 - No mode defined for component null
2026-05-12 00:48:05,265 [WARN] ModelIntegratedComponent:63 - No mode defined for component null
2026-05-12 00:48:05,265 [WARN] ModelIntegratedComponent:63 - No mode defined for component null
2026-05-12 00:48:05,266 [WARN] ModelIntegratedComponent:63 - No mode defined for component null
2026-05-12 00:48:05,266 [WARN] ModelIntegratedComponent:63 - No mode defined for component null
2026-05-12 00:48:05,266 [WARN] ModelIntegratedComponent:63 - No mode defined for component null
2026-05-12 00:48:05,268 [WARN] ModelIntegratedComponent:63 - No mode defined for component null
2026-05-12 00:48:05,268 [WARN] ModelIntegratedComponent:63 - No mode defined for component null
2026-05-12 00:48:05,268 [WARN] ModelIntegratedComponent:63 - No mode defined for component null
2026-05-12 00:48:05,268 [WARN] ModelIntegratedComponent:63 - No mode defined for component null
2026-05-12 00:48:05,268 [WARN] ModelIntegratedComponent:63 - No mode defined for component null
2026-05-12 00:48:05,268 [WARN] ModelIntegratedComponent:63 - No mode defined for component null
2026-05-12 00:48:05,268 [WARN] ModelIntegratedComponent:63 - No mode defined for component null
2026-05-12 00:48:05,268 [WARN] ModelIntegratedComponent:63 - No mode defined for component null
2026-05-12 00:48:05,268 [WARN] ModelIntegratedComponent:63 - No mode defined for component null
2026-05-12 00:48:05,268 [WARN] ModelIntegratedComponent:63 - No mode defined for component null
2026-05-12 00:48:05,268 [WARN] ModelIntegratedComponent:63 - No mode defined for component null
2026-05-12 00:48:05,268 [WARN] ModelIntegratedComponent:63 - No mode defined for component null
2026-05-12 00:48:05,268 [WARN] ModelIntegratedComponent:63 - No mode defined for component null
2026-05-12 00:48:05,268 [WARN] ModelIntegratedComponent:63 - No mode defined for component null
2026-05-12 00:48:05,268 [WARN] ModelIntegratedComponent:63 - No mode defined for component null
2026-05-12 00:48:05,269 [WARN] ModelIntegratedComponent:63 - No mode defined for component null
2026-05-12 00:48:05,269 [WARN] ModelIntegratedComponent:63 - No mode defined for component null
2026-05-12 00:48:05,269 [WARN] ModelIntegratedComponent:63 - No mode defined for component null
2026-05-12 00:48:05,269 [WARN] ModelIntegratedComponent:63 - No mode defined for component null
2026-05-12 00:48:05,269 [WARN] ModelIntegratedComponent:63 - No mode defined for component null
2026-05-12 00:48:05,269 [WARN] ModelIntegratedComponent:63 - No mode defined for component null
2026-05-12 00:48:05,269 [WARN] ModelIntegratedComponent:63 - No mode defined for component null
2026-05-12 00:48:05,269 [WARN] ModelIntegratedComponent:63 - No mode defined for component null
2026-05-12 00:48:05,269 [WARN] ModelIntegratedComponent:63 - No mode defined for component null
2026-05-12 00:48:05,269 [WARN] ModelIntegratedComponent:63 - No mode defined for component null
2026-05-12 00:48:05,269 [WARN] ModelIntegratedComponent:63 - No mode defined for component null
2026-05-12 00:48:05,270 [WARN] ModelPack:524 - Component already loaded: STMicroelectronics:HAL Drivers:0.0.0:STMicroelectronics:Device:STMicro_Driver:XSPI:HAL::0.0.1:HAL_XSPI
2026-05-12 00:48:05,842 [INFO] ThirdPartyModel:298 - Start build external matchings
2026-05-12 00:48:11,519 [INFO] ThirdPartyModel:316 - End build external matchings
2026-05-12 00:48:12,089 [INFO] UtilMem:75 - End LoadConfig() Used Memory: 929769104 Bytes (1073741824)
2026-05-12 00:48:12,171 [WARN] ThirdParty:833 - waiting for thirdparty lock release [change project]
2026-05-12 00:48:12,171 [INFO] ThirdParty:835 - entering critical section [change project]
2026-05-12 00:48:12,171 [INFO] ThirdParty:1030 - CMSIS Pack Vendor :STMicroelectronics X-CUBE-AZRTOS-H7 3.5.0
2026-05-12 00:48:12,171 [INFO] ThirdParty:1030 - CMSIS Pack Vendor :STMicroelectronics X-CUBE-PM33A1 1.0.0
2026-05-12 00:48:12,171 [INFO] ThirdParty:1030 - CMSIS Pack Vendor :STMicroelectronics USBPD 4.1
2026-05-12 00:48:12,171 [INFO] ThirdParty:1030 - CMSIS Pack Vendor :STMicroelectronics X-CUBE-GNSS1 6.0.0
2026-05-12 00:48:12,171 [INFO] ThirdParty:1030 - CMSIS Pack Vendor :STMicroelectronics USB_HOST 2.0.0
2026-05-12 00:48:12,171 [INFO] ThirdParty:1030 - CMSIS Pack Vendor :STMicroelectronics FP-SNS-MOTENVWB1 1.4.0
2026-05-12 00:48:12,171 [INFO] ThirdParty:1030 - CMSIS Pack Vendor :STMicroelectronics X-CUBE-AZRTOS-F4 1.1.0
2026-05-12 00:48:12,171 [INFO] ThirdParty:1030 - CMSIS Pack Vendor :STMicroelectronics LIBJPEG 8.0.0
2026-05-12 00:48:12,171 [INFO] ThirdParty:1030 - CMSIS Pack Vendor :STMicroelectronics FP-ATR-ASTRA1 2.0.2
2026-05-12 00:48:12,171 [INFO] ThirdParty:1030 - CMSIS Pack Vendor :STMicroelectronics FP-ATR-ASTRA1 2.0.1
2026-05-12 00:48:12,171 [INFO] ThirdParty:1030 - CMSIS Pack Vendor :Avnet-IotConnect X-CUBE-IoTC-DA16k-PMOD 1.0.0
2026-05-12 00:48:12,171 [INFO] ThirdParty:1030 - CMSIS Pack Vendor :STMicroelectronics X-CUBE-SMBUS 2.1.0
2026-05-12 00:48:12,171 [INFO] ThirdParty:1030 - CMSIS Pack Vendor :STMicroelectronics X-CUBE-WB05N 1.1.0
2026-05-12 00:48:12,171 [INFO] ThirdParty:1030 - CMSIS Pack Vendor :STMicroelectronics X-CUBE-ISPU 2.1.0
2026-05-12 00:48:12,171 [INFO] ThirdParty:1030 - CMSIS Pack Vendor :STMicroelectronics X-CUBE-IPS 3.2.0
2026-05-12 00:48:12,171 [INFO] ThirdParty:1030 - CMSIS Pack Vendor :STMicroelectronics eDS-WB_DPC_TT-BIDIR 2.1.1
2026-05-12 00:48:12,172 [INFO] ThirdParty:1030 - CMSIS Pack Vendor :STMicroelectronics X-CUBE-FREERTOS 1.2.0
2026-05-12 00:48:12,172 [INFO] ThirdParty:1030 - CMSIS Pack Vendor :STMicroelectronics X-CUBE-ST60 1.0.0
2026-05-12 00:48:12,172 [INFO] ThirdParty:1030 - CMSIS Pack Vendor :STMicroelectronics X-CUBE-TOUCHGFX 4.23.0
2026-05-12 00:48:12,172 [INFO] ThirdParty:1030 - CMSIS Pack Vendor :STMicroelectronics X-CUBE-NFC12 1.0.0
2026-05-12 00:48:12,175 [INFO] ThirdParty:1030 - CMSIS Pack Vendor :STMicroelectronics X-CUBE-TOUCHGFX 4.23.2
2026-05-12 00:48:12,176 [INFO] ThirdParty:1030 - CMSIS Pack Vendor :STMicroelectronics X-CUBE-AZRTOS-F7 1.1.0
2026-05-12 00:48:12,176 [INFO] ThirdParty:1030 - CMSIS Pack Vendor :STMicroelectronics X-CUBE-AZRTOS-L5 2.0.0
2026-05-12 00:48:12,176 [INFO] ThirdParty:1030 - CMSIS Pack Vendor :STMicroelectronics USB_DEVICE 2.0.0
2026-05-12 00:48:12,176 [INFO] ThirdParty:1030 - CMSIS Pack Vendor :STMicroelectronics X-CUBE-MEMS1 9.6.0
2026-05-12 00:48:12,176 [INFO] ThirdParty:1030 - CMSIS Pack Vendor :STMicroelectronics X-CUBE-EEPRMA1 4.2.0
2026-05-12 00:48:12,176 [INFO] ThirdParty:1030 - CMSIS Pack Vendor :STMicroelectronics X-CUBE-NFC6 3.1.0
2026-05-12 00:48:12,176 [INFO] ThirdParty:1030 - CMSIS Pack Vendor :ITTIA_DB I-CUBE-ITTIADB 8.8.0
2026-05-12 00:48:12,177 [INFO] ThirdParty:1030 - CMSIS Pack Vendor :STMicroelectronics FP-SNS-MOTENV1 4.3.2
2026-05-12 00:48:12,177 [INFO] ThirdParty:1030 - CMSIS Pack Vendor :STMicroelectronics X-CUBE-MEMS1 11.0.0
2026-05-12 00:48:12,177 [INFO] ThirdParty:1030 - CMSIS Pack Vendor :STMicroelectronics FP-SNS-MOTENV1 5.1.0
2026-05-12 00:48:12,177 [INFO] ThirdParty:1030 - CMSIS Pack Vendor :STMicroelectronics FreeRTOS 0.0.1
2026-05-12 00:48:12,177 [INFO] ThirdParty:1030 - CMSIS Pack Vendor :STMicroelectronics X-CUBE-BLEMGR 2.0.0
2026-05-12 00:48:12,177 [INFO] ThirdParty:1030 - CMSIS Pack Vendor :STMicroelectronics X-CUBE-DPower 1.2.0
2026-05-12 00:48:12,177 [INFO] ThirdParty:1030 - CMSIS Pack Vendor :STMicroelectronics eDS-WB_DPC_VIENNA 1.2.0
2026-05-12 00:48:12,177 [INFO] ThirdParty:1030 - CMSIS Pack Vendor :STMicroelectronics FP-SNS-FLIGHT1 5.0.2
2026-05-12 00:48:12,178 [INFO] ThirdParty:1030 - CMSIS Pack Vendor :STMicroelectronics eDS-WB_DPC_3PH2L-BIDIR 1.1.1
2026-05-12 00:48:12,178 [INFO] ThirdParty:1030 - CMSIS Pack Vendor :STMicroelectronics X-CUBE-AI 9.0.0
2026-05-12 00:48:12,178 [INFO] ThirdParty:1030 - CMSIS Pack Vendor :STMicroelectronics X-CUBE-AZRTOS-H7 3.1.0
2026-05-12 00:48:12,178 [INFO] ThirdParty:1030 - CMSIS Pack Vendor :STMicroelectronics PDM2PCM 3.3.0
2026-05-12 00:48:12,178 [INFO] ThirdParty:1030 - CMSIS Pack Vendor :STMicroelectronics X-CUBE-AZRTOS-H7 3.4.0
2026-05-12 00:48:12,178 [INFO] ThirdParty:1030 - CMSIS Pack Vendor :STMicroelectronics X-CUBE-DISPLAY 3.0.0
2026-05-12 00:48:12,178 [INFO] ThirdParty:1030 - CMSIS Pack Vendor :STMicroelectronics FP-SNS-MOTENVWB1 1.5.0
2026-05-12 00:48:12,178 [INFO] ThirdParty:1030 - CMSIS Pack Vendor :STMicroelectronics X-CUBE-BLE1 7.0.0
2026-05-12 00:48:12,179 [INFO] ThirdParty:1030 - CMSIS Pack Vendor :STMicroelectronics X-CUBE-NFC10 1.0.0
2026-05-12 00:48:12,179 [INFO] ThirdParty:1030 - CMSIS Pack Vendor :STMicroelectronics X-CUBE-BLEMGR 4.0.0
2026-05-12 00:48:12,179 [INFO] ThirdParty:1030 - CMSIS Pack Vendor :STMicroelectronics X-CUBE-FREERTOS 1.3.1
2026-05-12 00:48:12,179 [INFO] ThirdParty:1030 - CMSIS Pack Vendor :STMicroelectronics HAL Drivers 0.0.0
2026-05-12 00:48:12,179 [INFO] ThirdParty:1030 - CMSIS Pack Vendor :STMicroelectronics X-CUBE-ST60 1.1.0
2026-05-12 00:48:12,179 [INFO] ThirdParty:1030 - CMSIS Pack Vendor :emotas I-CUBE-CANOPEN 1.3.0
2026-05-12 00:48:12,179 [INFO] ThirdParty:1030 - CMSIS Pack Vendor :STMicroelectronics X-CUBE-FREERTOS 1.3.0
2026-05-12 00:48:12,179 [INFO] ThirdParty:1030 - CMSIS Pack Vendor :STMicroelectronics X-CUBE-NFC7 1.0.1
2026-05-12 00:48:12,179 [INFO] ThirdParty:1030 - CMSIS Pack Vendor :STMicroelectronics MBEDTLS 2.14.1
2026-05-12 00:48:12,180 [INFO] ThirdParty:1030 - CMSIS Pack Vendor :STMicroelectronics X-CUBE-GNSS1 7.1.0
2026-05-12 00:48:12,180 [INFO] ThirdParty:1030 - CMSIS Pack Vendor :STMicroelectronics X-CUBE-TOUCHGFX 4.22.1
2026-05-12 00:48:12,181 [INFO] ThirdParty:1030 - CMSIS Pack Vendor :wolfSSL I-CUBE-wolfTPM 3.2.0
2026-05-12 00:48:12,181 [INFO] ThirdParty:1030 - CMSIS Pack Vendor :STMicroelectronics X-CUBE-TOUCHGFX 4.26.0
2026-05-12 00:48:12,181 [INFO] ThirdParty:1030 - CMSIS Pack Vendor :STMicroelectronics X-CUBE-NFC6 3.0.0
2026-05-12 00:48:12,181 [INFO] ThirdParty:1030 - CMSIS Pack Vendor :STMicroelectronics X-CUBE-TOUCHGFX 4.26.1
2026-05-12 00:48:12,181 [INFO] ThirdParty:1030 - CMSIS Pack Vendor :STMicroelectronics X-CUBE-EEPRMA1 4.1.0
2026-05-12 00:48:12,181 [INFO] ThirdParty:1030 - CMSIS Pack Vendor :STMicroelectronics X-CUBE-BLEMGR 3.1.0
2026-05-12 00:48:12,181 [INFO] ThirdParty:1030 - CMSIS Pack Vendor :STMicroelectronics X-CUBE-AI 10.0.0
2026-05-12 00:48:12,181 [INFO] ThirdParty:1030 - CMSIS Pack Vendor :STMicroelectronics FP-SNS-STBOX1 2.1.0
2026-05-12 00:48:12,181 [INFO] ThirdParty:1030 - CMSIS Pack Vendor :STMicroelectronics FP-SNS-STAIOTCFT 1.0.0
2026-05-12 00:48:12,181 [INFO] ThirdParty:1030 - CMSIS Pack Vendor :STMicroelectronics FP-SNS-FLIGHT1 5.1.0
2026-05-12 00:48:12,181 [INFO] ThirdParty:1030 - CMSIS Pack Vendor :STMicroelectronics X-CUBE-MEMS1 11.1.0
2026-05-12 00:48:12,181 [INFO] ThirdParty:1030 - CMSIS Pack Vendor :STMicroelectronics X-CUBE-AZRTOS-WL 2.0.0
2026-05-12 00:48:12,181 [INFO] ThirdParty:1030 - CMSIS Pack Vendor :STMicroelectronics X-CUBE-DPower 1.3.0
2026-05-12 00:48:12,181 [INFO] ThirdParty:1030 - CMSIS Pack Vendor :STMicroelectronics FP-SNS-MOTENV1 5.0.0
2026-05-12 00:48:12,181 [INFO] ThirdParty:1030 - CMSIS Pack Vendor :STMicroelectronics USB_DEVICE 1.0.0
2026-05-12 00:48:12,181 [INFO] ThirdParty:1030 - CMSIS Pack Vendor :STMicroelectronics X-CUBE-AZRTOS-H7RS 1.2.0
2026-05-12 00:48:12,181 [INFO] ThirdParty:1030 - CMSIS Pack Vendor :STMicroelectronics X-CUBE-AI 8.1.0
2026-05-12 00:48:12,181 [INFO] ThirdParty:1030 - CMSIS Pack Vendor :wolfSSL I-CUBE-wolfMQTT 1.19.0
2026-05-12 00:48:12,181 [INFO] ThirdParty:1030 - CMSIS Pack Vendor :STMicroelectronics X-CUBE-AZRTOS-L4 2.0.0
2026-05-12 00:48:12,181 [INFO] ThirdParty:1030 - CMSIS Pack Vendor :STMicroelectronics ThreadX 0.0.2
2026-05-12 00:48:12,181 [INFO] ThirdParty:1030 - CMSIS Pack Vendor :WES I-CUBE-Cesium 1.3.0
2026-05-12 00:48:12,181 [INFO] ThirdParty:1030 - CMSIS Pack Vendor :STMicroelectronics lwIP 2.1.2
2026-05-12 00:48:12,181 [INFO] ThirdParty:1030 - CMSIS Pack Vendor :STMicroelectronics X-CUBE-SFXS2LP1 4.0.0
2026-05-12 00:48:12,181 [INFO] ThirdParty:1030 - CMSIS Pack Vendor :STMicroelectronics X-CUBE-BLE2 3.3.0
2026-05-12 00:48:12,181 [INFO] ThirdParty:1030 - CMSIS Pack Vendor :Avnet-IOTCONNECT X-CUBE-iotc-st67-sdk 1.0.0
2026-05-12 00:48:12,181 [INFO] ThirdParty:1030 - CMSIS Pack Vendor :STMicroelectronics PDM2PCM 3.2.0
2026-05-12 00:48:12,181 [INFO] ThirdParty:1030 - CMSIS Pack Vendor :STMicroelectronics X-CUBE-WB05N 2.1.0
2026-05-12 00:48:12,181 [INFO] ThirdParty:1030 - CMSIS Pack Vendor :STMicroelectronics X-CUBE-ST67W61 1.2.0
2026-05-12 00:48:12,182 [INFO] ThirdParty:1030 - CMSIS Pack Vendor :STMicroelectronics X-CUBE-ISPU 1.1.0
2026-05-12 00:48:12,182 [INFO] ThirdParty:1030 - CMSIS Pack Vendor :STMicroelectronics X-CUBE-AZRTOS-H7 3.3.0
2026-05-12 00:48:12,182 [INFO] ThirdParty:1030 - CMSIS Pack Vendor :STMicroelectronics X-CUBE-NFC9 1.0.0
2026-05-12 00:48:12,182 [INFO] ThirdParty:1030 - CMSIS Pack Vendor :STMicroelectronics X-CUBE-BLE1 7.1.0
2026-05-12 00:48:12,182 [INFO] ThirdParty:1030 - CMSIS Pack Vendor :STMicroelectronics USB_DEVICE 3.0.0
2026-05-12 00:48:12,182 [INFO] ThirdParty:1030 - CMSIS Pack Vendor :STMicroelectronics X-CUBE-TCPP 4.1.0
2026-05-12 00:48:12,182 [INFO] ThirdParty:1030 - CMSIS Pack Vendor :STMicroelectronics X-CUBE-FREERTOS 1.4.0
2026-05-12 00:48:12,182 [INFO] ThirdParty:1030 - CMSIS Pack Vendor :STMicroelectronics X-CUBE-EEPRMA1 5.2.0
2026-05-12 00:48:12,182 [INFO] ThirdParty:1030 - CMSIS Pack Vendor :STMicroelectronics X-CUBE-BLEMGR 4.1.0
2026-05-12 00:48:12,183 [INFO] ThirdParty:1030 - CMSIS Pack Vendor :STMicroelectronics X-CUBE-IPS 3.0.0
2026-05-12 00:48:12,183 [INFO] ThirdParty:1030 - CMSIS Pack Vendor :STMicroelectronics X-CUBE-AZRTOS-WB 2.0.0
2026-05-12 00:48:12,183 [INFO] ThirdParty:1030 - CMSIS Pack Vendor :STMicroelectronics X-CUBE-GNSS1 7.0.0
2026-05-12 00:48:12,183 [INFO] ThirdParty:1030 - CMSIS Pack Vendor :STMicroelectronics X-CUBE-GNSS1 7.0.1
2026-05-12 00:48:12,183 [INFO] ThirdParty:1030 - CMSIS Pack Vendor :STMicroelectronics X-CUBE-TOUCHGFX 4.25.0
2026-05-12 00:48:12,183 [INFO] ThirdParty:1030 - CMSIS Pack Vendor :STMicroelectronics X-CUBE-ST67W61 1.1.0
2026-05-12 00:48:12,183 [INFO] ThirdParty:1030 - CMSIS Pack Vendor :STMicroelectronics X-CUBE-AI 10.1.0
2026-05-12 00:48:12,183 [INFO] ThirdParty:1030 - CMSIS Pack Vendor :STMicroelectronics FP-SNS-STBOX1 2.0.0
2026-05-12 00:48:12,183 [INFO] ThirdParty:1030 - CMSIS Pack Vendor :STMicroelectronics X-CUBE-MEMS1 12.0.0
2026-05-12 00:48:12,183 [INFO] ThirdParty:1030 - CMSIS Pack Vendor :STMicroelectronics X-CUBE-ALGOBUILD 1.3.0
2026-05-12 00:48:12,183 [INFO] ThirdParty:1030 - CMSIS Pack Vendor :STMicroelectronics X-CUBE-STSE01 2.0.0
2026-05-12 00:48:12,183 [INFO] ThirdParty:1030 - CMSIS Pack Vendor :STMicroelectronics X-CUBE-MEMS1 11.2.0
2026-05-12 00:48:12,183 [INFO] ThirdParty:1030 - CMSIS Pack Vendor :STMicroelectronics X-CUBE-AZRTOS-G0 1.1.0
2026-05-12 00:48:12,183 [INFO] ThirdParty:1030 - CMSIS Pack Vendor :STMicroelectronics X-CUBE-SAFEA1 1.2.2
2026-05-12 00:48:12,183 [INFO] ThirdParty:1030 - CMSIS Pack Vendor :STMicroelectronics X-CUBE-NFC4 3.0.0
2026-05-12 00:48:12,183 [INFO] ThirdParty:1030 - CMSIS Pack Vendor :STMicroelectronics X-CUBE-SUBG2 5.0.0
2026-05-12 00:48:12,183 [INFO] ThirdParty:1030 - CMSIS Pack Vendor :STMicroelectronics X-CUBE-AZRTOS-H7RS 1.1.0
2026-05-12 00:48:12,184 [INFO] ThirdParty:1030 - CMSIS Pack Vendor :STMicroelectronics STM32_WPAN 1.0.0
2026-05-12 00:48:12,184 [INFO] ThirdParty:1030 - CMSIS Pack Vendor :wolfSSL I-CUBE-wolfMQTT 1.18.0
2026-05-12 00:48:12,184 [INFO] ThirdParty:1030 - CMSIS Pack Vendor :EmbeddedOffice I-CUBE-FS-RTOS 1.0.1
2026-05-12 00:48:12,184 [INFO] ThirdParty:1030 - CMSIS Pack Vendor :STMicroelectronics lwIP 2.0.3
2026-05-12 00:48:12,184 [INFO] ThirdParty:1030 - CMSIS Pack Vendor :STMicroelectronics USB_HOST 1.0.0
2026-05-12 00:48:12,184 [INFO] ThirdParty:1030 - CMSIS Pack Vendor :STMicroelectronics X-CUBE-TOF1 3.3.1
2026-05-12 00:48:12,184 [INFO] ThirdParty:1030 - CMSIS Pack Vendor :STMicroelectronics X-CUBE-AZRTOS-G4 2.0.0
2026-05-12 00:48:12,184 [INFO] ThirdParty:1030 - CMSIS Pack Vendor :STMicroelectronics X-CUBE-WB05N 2.0.0
2026-05-12 00:48:12,184 [INFO] ThirdParty:1030 - CMSIS Pack Vendor :STMicroelectronics PDM2PCM 3.1.0
2026-05-12 00:48:12,184 [INFO] ThirdParty:1030 - CMSIS Pack Vendor :Infineon AIROC-Wi-Fi-Bluetooth-STM32 1.5.1
2026-05-12 00:48:12,184 [INFO] ThirdParty:1030 - CMSIS Pack Vendor :STMicroelectronics X-CUBE-BLEMGR 3.0.0
2026-05-12 00:48:12,184 [INFO] ThirdParty:1030 - CMSIS Pack Vendor :STMicroelectronics FP-SNS-MOTENVWB1 1.3.0
2026-05-12 00:48:12,184 [INFO] ThirdParty:1030 - CMSIS Pack Vendor :STMicroelectronics X-CUBE-NFC7 2.0.0
2026-05-12 00:48:12,184 [INFO] ThirdParty:1030 - CMSIS Pack Vendor :STMicroelectronics X-CUBE-TCPP 4.2.0
2026-05-12 00:48:12,184 [INFO] ThirdParty:1030 - CMSIS Pack Vendor :RealThread X-CUBE-RT-Thread_Nano 4.1.1
2026-05-12 00:48:12,184 [INFO] ThirdParty:1030 - CMSIS Pack Vendor :STMicroelectronics FP-SNS-MOTENVWB1 1.3.1
2026-05-12 00:48:12,184 [INFO] ThirdParty:1030 - CMSIS Pack Vendor :STMicroelectronics FP-ATR-SIGFOX1 3.2.0
2026-05-12 00:48:12,184 [INFO] ThirdParty:1030 - CMSIS Pack Vendor :quantropi X-CUBE-qispace-sdk-base 1.9.3
2026-05-12 00:48:12,184 [INFO] ThirdParty:1030 - CMSIS Pack Vendor :STMicroelectronics X-CUBE-ISPU 2.0.0
2026-05-12 00:48:12,184 [INFO] ThirdParty:1030 - CMSIS Pack Vendor :STMicroelectronics X-CUBE-EEPRMA1 5.1.0
2026-05-12 00:48:12,184 [INFO] ThirdParty:1030 - CMSIS Pack Vendor :STMicroelectronics X-CUBE-FREERTOS 1.5.0
2026-05-12 00:48:12,185 [INFO] ThirdParty:1030 - CMSIS Pack Vendor :STMicroelectronics MBEDTLS 2.16.2
2026-05-12 00:48:12,185 [INFO] ThirdParty:1030 - CMSIS Pack Vendor :STMicroelectronics X-CUBE-IPS 3.1.0
2026-05-12 00:48:12,185 [INFO] ThirdParty:1030 - CMSIS Pack Vendor :STMicroelectronics X-CUBE-ALS 1.0.2
2026-05-12 00:48:12,185 [INFO] ThirdParty:1030 - CMSIS Pack Vendor :STMicroelectronics X-CUBE-MEMS1 10.0.0
2026-05-12 00:48:12,185 [INFO] ThirdParty:1030 - CMSIS Pack Vendor :STMicroelectronics X-CUBE-FREERTOS 1.1.0
2026-05-12 00:48:12,185 [INFO] ThirdParty:1030 - CMSIS Pack Vendor :STMicroelectronics X-CUBE-TOUCHGFX 4.24.0
2026-05-12 00:48:12,185 [INFO] ThirdParty:1030 - CMSIS Pack Vendor :STMicroelectronics X-CUBE-TOUCHGFX 4.24.2
2026-05-12 00:48:12,185 [INFO] ThirdParty:1030 - CMSIS Pack Vendor :STMicroelectronics X-CUBE-TOUCHGFX 4.24.1
2026-05-12 00:48:12,185 [INFO] ThirdParty:1030 - CMSIS Pack Vendor :STMicroelectronics X-CUBE-STSE01 1.0.0
2026-05-12 00:48:12,185 [INFO] ThirdParty:1030 - CMSIS Pack Vendor :portGmbH I-Cube-SoM-uGOAL 1.1.0
2026-05-12 00:48:12,185 [INFO] ThirdParty:1030 - CMSIS Pack Vendor :STMicroelectronics X-CUBE-ALS 1.0.1
2026-05-12 00:48:12,185 [INFO] ThirdParty:1030 - CMSIS Pack Vendor :STMicroelectronics X-CUBE-NFC6 3.2.0
2026-05-12 00:48:12,185 [INFO] ThirdParty:1030 - CMSIS Pack Vendor :STMicroelectronics X-CUBE-ST67W61 1.0.0
2026-05-12 00:48:12,185 [INFO] ThirdParty:1030 - CMSIS Pack Vendor :STMicroelectronics X-CUBE-AI 10.2.0
2026-05-12 00:48:12,185 [INFO] ThirdParty:1030 - CMSIS Pack Vendor :STMicroelectronics ThreadX 1.0.0
2026-05-12 00:48:12,185 [INFO] ThirdParty:1030 - CMSIS Pack Vendor :SEGGER I-CUBE-embOS 1.3.1
2026-05-12 00:48:12,185 [INFO] ThirdParty:1030 - CMSIS Pack Vendor :STMicroelectronics X-CUBE-ALGOBUILD 1.4.0
2026-05-12 00:48:12,185 [INFO] ThirdParty:1030 - CMSIS Pack Vendor :STMicroelectronics X-CUBE-MEMS1 11.3.0
2026-05-12 00:48:12,185 [INFO] ThirdParty:1030 - CMSIS Pack Vendor :STMicroelectronics X-CUBE-AZRTOS-H7RS 1.0.0
2026-05-12 00:48:12,185 [INFO] ThirdParty:1030 - CMSIS Pack Vendor :STMicroelectronics FP-ATR-ASTRA1 2.0.0
2026-05-12 00:48:12,185 [INFO] ThirdParty:1030 - CMSIS Pack Vendor :STMicroelectronics X-CUBE-TOF1 3.4.2
2026-05-12 00:48:12,185 [INFO] ThirdParty:1030 - CMSIS Pack Vendor :STMicroelectronics X-CUBE-TOF1 3.4.3
2026-05-12 00:48:12,185 [INFO] ThirdParty:1030 - CMSIS Pack Vendor :STMicroelectronics X-CUBE-AI 9.1.0
2026-05-12 00:48:12,185 [INFO] ThirdParty:1030 - CMSIS Pack Vendor :STMicroelectronics X-CUBE-TOF1 3.4.0
2026-05-12 00:48:12,185 [INFO] ThirdParty:1030 - CMSIS Pack Vendor :STMicroelectronics X-CUBE-TOF1 3.4.1
2026-05-12 00:48:12,185 [INFO] ThirdParty:1030 - CMSIS Pack Vendor :STMicroelectronics X-CUBE-AZRTOS-H7 3.2.0
2026-05-12 00:48:12,185 [INFO] ThirdParty:1030 - CMSIS Pack Vendor :wolfSSL I-CUBE-wolfSSH 1.4.17
2026-05-12 00:48:12,186 [INFO] ThirdParty:841 - exiting critical section [change project]
2026-05-12 00:48:12,669 [INFO] PinOutPanel:1589 - setPackage(No Configuration,No Configuration)
2026-05-12 00:48:12,671 [INFO] PinOutPanel:1589 - setPackage(STM32F407VGTx,LQFP100)
2026-05-12 00:48:13,056 [INFO] UtilMem:75 - Before build in PCC Used Memory: 945941448 Bytes (1073741824)
2026-05-12 00:48:13,555 [INFO] UtilMem:75 - After build in PCC Used Memory: 993653704 Bytes (1073741824)
2026-05-12 00:48:13,591 [INFO] IPUIPlugin:80 - create IPUIPlugin
2026-05-12 00:48:13,599 [INFO] IPUIPlugin:80 - create IPUIPlugin
2026-05-12 00:48:13,599 [INFO] IPUIPlugin:80 - create IPUIPlugin
2026-05-12 00:48:13,600 [INFO] IPUIPlugin:80 - create IPUIPlugin
2026-05-12 00:48:13,600 [INFO] IPUIPlugin:80 - create IPUIPlugin
2026-05-12 00:48:13,600 [INFO] IPUIPlugin:80 - create IPUIPlugin
2026-05-12 00:48:13,600 [INFO] IPUIPlugin:80 - create IPUIPlugin
2026-05-12 00:48:13,600 [INFO] IPUIPlugin:80 - create IPUIPlugin
2026-05-12 00:48:13,601 [INFO] IPUIPlugin:80 - create IPUIPlugin
2026-05-12 00:48:13,601 [INFO] IPUIPlugin:80 - create IPUIPlugin
2026-05-12 00:48:13,601 [INFO] IPUIPlugin:80 - create IPUIPlugin
2026-05-12 00:48:13,602 [INFO] IPUIPlugin:80 - create IPUIPlugin
2026-05-12 00:48:13,602 [INFO] IPUIPlugin:80 - create IPUIPlugin
2026-05-12 00:48:13,602 [INFO] IPUIPlugin:80 - create IPUIPlugin
2026-05-12 00:48:13,602 [INFO] IPUIPlugin:80 - create IPUIPlugin
2026-05-12 00:48:13,602 [INFO] IPUIPlugin:80 - create IPUIPlugin
2026-05-12 00:48:13,602 [INFO] IPUIPlugin:80 - create IPUIPlugin
2026-05-12 00:48:13,603 [INFO] IPUIPlugin:80 - create IPUIPlugin
2026-05-12 00:48:13,603 [INFO] IPUIPlugin:80 - create IPUIPlugin
2026-05-12 00:48:13,603 [INFO] IPUIPlugin:80 - create IPUIPlugin
2026-05-12 00:48:13,603 [INFO] IPUIPlugin:80 - create IPUIPlugin
2026-05-12 00:48:13,604 [INFO] IPUIPlugin:80 - create IPUIPlugin
2026-05-12 00:48:13,604 [INFO] IPUIPlugin:80 - create IPUIPlugin
2026-05-12 00:48:13,604 [INFO] IPUIPlugin:80 - create IPUIPlugin
2026-05-12 00:48:13,604 [INFO] IPUIPlugin:80 - create IPUIPlugin
2026-05-12 00:48:13,605 [INFO] IPUIPlugin:80 - create IPUIPlugin
2026-05-12 00:48:13,605 [INFO] IPUIPlugin:80 - create IPUIPlugin
2026-05-12 00:48:13,605 [INFO] IPUIPlugin:80 - create IPUIPlugin
2026-05-12 00:48:13,605 [INFO] IPUIPlugin:80 - create IPUIPlugin
2026-05-12 00:48:13,606 [INFO] IPUIPlugin:80 - create IPUIPlugin
2026-05-12 00:48:13,606 [INFO] IPUIPlugin:80 - create IPUIPlugin
2026-05-12 00:48:13,606 [INFO] IPUIPlugin:80 - create IPUIPlugin
2026-05-12 00:48:13,606 [INFO] IPUIPlugin:80 - create IPUIPlugin
2026-05-12 00:48:13,606 [INFO] IPUIPlugin:80 - create IPUIPlugin
2026-05-12 00:48:13,606 [INFO] IPUIPlugin:80 - create IPUIPlugin
2026-05-12 00:48:13,606 [INFO] IPUIPlugin:80 - create IPUIPlugin
2026-05-12 00:48:13,607 [INFO] IPUIPlugin:80 - create IPUIPlugin
2026-05-12 00:48:13,607 [INFO] IPUIPlugin:80 - create IPUIPlugin
2026-05-12 00:48:13,607 [INFO] IPUIPlugin:80 - create IPUIPlugin
2026-05-12 00:48:13,607 [INFO] IPUIPlugin:80 - create IPUIPlugin
2026-05-12 00:48:13,607 [INFO] IPUIPlugin:80 - create IPUIPlugin
2026-05-12 00:48:13,607 [INFO] IPUIPlugin:80 - create IPUIPlugin
2026-05-12 00:48:13,609 [INFO] IPUIPlugin:80 - create IPUIPlugin
2026-05-12 00:48:13,609 [INFO] IPUIPlugin:80 - create IPUIPlugin
2026-05-12 00:48:13,609 [INFO] IPUIPlugin:80 - create IPUIPlugin
2026-05-12 00:48:13,609 [INFO] IPUIPlugin:80 - create IPUIPlugin
2026-05-12 00:48:13,609 [INFO] IPUIPlugin:80 - create IPUIPlugin
2026-05-12 00:48:13,610 [INFO] IPUIPlugin:80 - create IPUIPlugin
2026-05-12 00:48:13,611 [INFO] IPUIPlugin:80 - create IPUIPlugin
2026-05-12 00:48:13,611 [INFO] IPUIPlugin:80 - create IPUIPlugin
2026-05-12 00:48:13,611 [INFO] IPUIPlugin:80 - create IPUIPlugin
2026-05-12 00:48:13,612 [INFO] IPUIPlugin:80 - create IPUIPlugin
2026-05-12 00:48:13,612 [INFO] IPUIPlugin:80 - create IPUIPlugin
2026-05-12 00:48:13,612 [INFO] IPUIPlugin:80 - create IPUIPlugin
2026-05-12 00:48:13,612 [INFO] IPUIPlugin:80 - create IPUIPlugin
2026-05-12 00:48:13,612 [INFO] IPUIPlugin:80 - create IPUIPlugin
2026-05-12 00:48:13,613 [INFO] IPUIPlugin:80 - create IPUIPlugin
2026-05-12 00:48:13,613 [INFO] IPUIPlugin:80 - create IPUIPlugin
2026-05-12 00:48:13,619 [INFO] ApiDbMcu:532 - Load IP Config File for PDM2PCM
2026-05-12 00:48:13,622 [INFO] Can:71 - Can Add PropertyChangeListener com.st.microxplorer.plugins.ip.can.Can@661dec74
2026-05-12 00:48:13,723 [INFO] CADModel:165 - CPN selected for project levelSTM32F407VGT6
2026-05-12 00:48:13,723 [INFO] CADModel:114 - Register for checkConnection events
2026-05-12 00:48:13,816 [INFO] OpenFileManager:386 - Restore cursor
2026-05-12 00:48:27,655 [INFO] ADCParametersView:116 -                Rank 1 : false
2026-05-12 00:48:27,703 [INFO] ADCParametersView:116 -                Rank 1 : false
2026-05-12 00:48:27,703 [INFO] ADCParametersView:116 -                Rank 1 : false
2026-05-12 00:48:27,703 [INFO] ADCParametersView:116 -                Rank 1 : false
2026-05-12 00:48:27,703 [INFO] ADCParametersView:116 -                Rank 1 : false
2026-05-12 00:48:27,703 [INFO] ADCParametersView:116 -                Rank 1 : false
2026-05-12 00:48:27,703 [INFO] ADCParametersView:116 -                Rank 1 : false
2026-05-12 00:48:27,703 [INFO] ADCParametersView:116 -                Rank 1 : false
2026-05-12 00:48:27,703 [INFO] ADCParametersView:116 -                Rank 1 : false
2026-05-12 00:48:27,703 [INFO] ADCParametersView:116 -                Rank 1 : false
2026-05-12 00:48:27,703 [INFO] ADCParametersView:116 -                Rank 1 : false
2026-05-12 00:48:27,703 [INFO] ADCParametersView:116 -                Rank 1 : false
2026-05-12 00:48:27,703 [INFO] ADCParametersView:116 -                Rank 1 : false
2026-05-12 00:48:27,703 [INFO] ADCParametersView:116 -                Rank 1 : false
2026-05-12 00:48:27,704 [INFO] ADCParametersView:116 -                Rank 1 : false
2026-05-12 00:48:27,733 [INFO] ADCParametersView:116 -                Rank 1 : false
2026-05-12 00:48:28,978 [INFO] ADCParametersView:116 -                Rank 1 : false
2026-05-12 00:48:28,979 [INFO] ADCParametersView:116 -                Rank 1 : false
2026-05-12 00:48:28,979 [INFO] ADCParametersView:116 -                Rank 1 : false
2026-05-12 00:48:28,980 [INFO] ADCParametersView:116 -                Rank 1 : false
2026-05-12 00:48:28,980 [INFO] ADCParametersView:116 -                Rank 1 : false
2026-05-12 00:48:28,980 [INFO] ADCParametersView:116 -                Rank 1 : false
2026-05-12 00:48:28,980 [INFO] ADCParametersView:116 -                Rank 1 : false
2026-05-12 00:48:28,980 [INFO] ADCParametersView:116 -                Rank 1 : false
2026-05-12 00:48:28,980 [INFO] ADCParametersView:116 -                Rank 1 : false
2026-05-12 00:48:28,980 [INFO] ADCParametersView:116 -                Rank 1 : false
2026-05-12 00:48:28,980 [INFO] ADCParametersView:116 -                Rank 1 : false
2026-05-12 00:48:28,980 [INFO] ADCParametersView:116 -                Rank 1 : false
2026-05-12 00:48:28,980 [INFO] ADCParametersView:116 -                Rank 1 : false
2026-05-12 00:48:28,980 [INFO] ADCParametersView:116 -                Rank 1 : false
2026-05-12 00:48:29,009 [INFO] ADCParametersView:116 -                Rank 1 : false
2026-05-12 00:48:29,056 [INFO] ADCParametersView:116 -                Rank 1 : false
2026-05-12 00:48:29,057 [INFO] ADCParametersView:116 -                Rank 1 : false
2026-05-12 00:48:29,057 [INFO] ADCParametersView:116 -                Rank 1 : false
2026-05-12 00:48:29,057 [INFO] ADCParametersView:116 -                Rank 1 : false
2026-05-12 00:48:29,057 [INFO] ADCParametersView:116 -                Rank 1 : false
2026-05-12 00:48:29,057 [INFO] ADCParametersView:116 -                Rank 1 : false
2026-05-12 00:48:29,057 [INFO] ADCParametersView:116 -                Rank 1 : false
2026-05-12 00:48:29,057 [INFO] ADCParametersView:116 -                Rank 1 : false
2026-05-12 00:48:29,057 [INFO] ADCParametersView:116 -                Rank 1 : false
2026-05-12 00:48:29,057 [INFO] ADCParametersView:116 -                Rank 1 : false
2026-05-12 00:48:29,057 [INFO] ADCParametersView:116 -                Rank 1 : false
2026-05-12 00:48:29,057 [INFO] ADCParametersView:116 -                Rank 1 : false
2026-05-12 00:48:29,057 [INFO] ADCParametersView:116 -                Rank 1 : false
2026-05-12 00:48:29,057 [INFO] ADCParametersView:116 -                Rank 1 : false
2026-05-12 00:48:29,081 [INFO] ADCParametersView:116 -                Rank 1 : false
2026-05-12 00:48:29,213 [INFO] ADCParametersView:116 -                Rank 1 : false
2026-05-12 00:48:29,213 [INFO] ADCParametersView:116 -                Rank 1 : false
2026-05-12 00:48:29,213 [INFO] ADCParametersView:116 -                Rank 1 : false
2026-05-12 00:48:29,214 [INFO] ADCParametersView:116 -                Rank 1 : false
2026-05-12 00:48:29,214 [INFO] ADCParametersView:116 -                Rank 1 : false
2026-05-12 00:48:29,214 [INFO] ADCParametersView:116 -                Rank 1 : false
2026-05-12 00:48:29,214 [INFO] ADCParametersView:116 -                Rank 1 : false
2026-05-12 00:48:29,214 [INFO] ADCParametersView:116 -                Rank 1 : false
2026-05-12 00:48:29,214 [INFO] ADCParametersView:116 -                Rank 1 : false
2026-05-12 00:48:29,214 [INFO] ADCParametersView:116 -                Rank 1 : false
2026-05-12 00:48:29,214 [INFO] ADCParametersView:116 -                Rank 1 : false
2026-05-12 00:48:29,214 [INFO] ADCParametersView:116 -                Rank 1 : false
2026-05-12 00:48:29,214 [INFO] ADCParametersView:116 -                Rank 1 : false
2026-05-12 00:48:29,214 [INFO] ADCParametersView:116 -                Rank 1 : false
2026-05-12 00:48:29,241 [INFO] ADCParametersView:116 -                Rank 1 : false
2026-05-12 00:48:29,283 [INFO] ADCParametersView:116 -                Rank 1 : false
2026-05-12 00:48:29,284 [INFO] ADCParametersView:116 -                Rank 1 : false
2026-05-12 00:48:29,284 [INFO] ADCParametersView:116 -                Rank 1 : false
2026-05-12 00:48:29,284 [INFO] ADCParametersView:116 -                Rank 1 : false
2026-05-12 00:48:29,284 [INFO] ADCParametersView:116 -                Rank 1 : false
2026-05-12 00:48:29,284 [INFO] ADCParametersView:116 -                Rank 1 : false
2026-05-12 00:48:29,284 [INFO] ADCParametersView:116 -                Rank 1 : false
2026-05-12 00:48:29,284 [INFO] ADCParametersView:116 -                Rank 1 : false
2026-05-12 00:48:29,284 [INFO] ADCParametersView:116 -                Rank 1 : false
2026-05-12 00:48:29,284 [INFO] ADCParametersView:116 -                Rank 1 : false
2026-05-12 00:48:29,284 [INFO] ADCParametersView:116 -                Rank 1 : false
2026-05-12 00:48:29,284 [INFO] ADCParametersView:116 -                Rank 1 : false
2026-05-12 00:48:29,284 [INFO] ADCParametersView:116 -                Rank 1 : false
2026-05-12 00:48:29,284 [INFO] ADCParametersView:116 -                Rank 1 : false
2026-05-12 00:48:29,315 [INFO] ADCParametersView:116 -                Rank 1 : false
2026-05-12 00:48:30,197 [INFO] ADCParametersView:116 -                Rank 1 : false
2026-05-12 00:48:30,197 [INFO] ADCParametersView:116 -                Rank 1 : false
2026-05-12 00:48:30,197 [INFO] ADCParametersView:116 -                Rank 1 : false
2026-05-12 00:48:30,197 [INFO] ADCParametersView:116 -                Rank 1 : false
2026-05-12 00:48:30,197 [INFO] ADCParametersView:116 -                Rank 1 : false
2026-05-12 00:48:30,197 [INFO] ADCParametersView:116 -                Rank 1 : false
2026-05-12 00:48:30,197 [INFO] ADCParametersView:116 -                Rank 1 : false
2026-05-12 00:48:30,197 [INFO] ADCParametersView:116 -                Rank 1 : false
2026-05-12 00:48:30,197 [INFO] ADCParametersView:116 -                Rank 1 : false
2026-05-12 00:48:30,197 [INFO] ADCParametersView:116 -                Rank 1 : false
2026-05-12 00:48:30,197 [INFO] ADCParametersView:116 -                Rank 1 : false
2026-05-12 00:48:30,197 [INFO] ADCParametersView:116 -                Rank 1 : false
2026-05-12 00:48:30,197 [INFO] ADCParametersView:116 -                Rank 1 : false
2026-05-12 00:48:30,197 [INFO] ADCParametersView:116 -                Rank 1 : false
2026-05-12 00:48:30,217 [INFO] ADCParametersView:116 -                Rank 1 : false
2026-05-12 00:48:30,248 [INFO] ADCParametersView:116 -                Rank 1 : false
2026-05-12 00:48:30,248 [INFO] ADCParametersView:116 -                Rank 1 : false
2026-05-12 00:48:30,249 [INFO] ADCParametersView:116 -                Rank 1 : false
2026-05-12 00:48:30,249 [INFO] ADCParametersView:116 -                Rank 1 : false
2026-05-12 00:48:30,249 [INFO] ADCParametersView:116 -                Rank 1 : false
2026-05-12 00:48:30,249 [INFO] ADCParametersView:116 -                Rank 1 : false
2026-05-12 00:48:30,249 [INFO] ADCParametersView:116 -                Rank 1 : false
2026-05-12 00:48:30,249 [INFO] ADCParametersView:116 -                Rank 1 : false
2026-05-12 00:48:30,249 [INFO] ADCParametersView:116 -                Rank 1 : false
2026-05-12 00:48:30,249 [INFO] ADCParametersView:116 -                Rank 1 : false
2026-05-12 00:48:30,249 [INFO] ADCParametersView:116 -                Rank 1 : false
2026-05-12 00:48:30,249 [INFO] ADCParametersView:116 -                Rank 1 : false
2026-05-12 00:48:30,249 [INFO] ADCParametersView:116 -                Rank 1 : false
2026-05-12 00:48:30,250 [INFO] ADCParametersView:116 -                Rank 1 : false
2026-05-12 00:48:30,269 [INFO] ADCParametersView:116 -                Rank 1 : false
2026-05-12 00:48:30,367 [INFO] ADCParametersView:116 -                Rank 1 : false
2026-05-12 00:48:30,367 [INFO] ADCParametersView:116 -                Rank 1 : false
2026-05-12 00:48:30,367 [INFO] ADCParametersView:116 -                Rank 1 : false
2026-05-12 00:48:30,367 [INFO] ADCParametersView:116 -                Rank 1 : false
2026-05-12 00:48:30,367 [INFO] ADCParametersView:116 -                Rank 1 : false
2026-05-12 00:48:30,367 [INFO] ADCParametersView:116 -                Rank 1 : false
2026-05-12 00:48:30,367 [INFO] ADCParametersView:116 -                Rank 1 : false
2026-05-12 00:48:30,369 [INFO] ADCParametersView:116 -                Rank 1 : false
2026-05-12 00:48:30,369 [INFO] ADCParametersView:116 -                Rank 1 : false
2026-05-12 00:48:30,369 [INFO] ADCParametersView:116 -                Rank 1 : false
2026-05-12 00:48:30,369 [INFO] ADCParametersView:116 -                Rank 1 : false
2026-05-12 00:48:30,369 [INFO] ADCParametersView:116 -                Rank 1 : false
2026-05-12 00:48:30,369 [INFO] ADCParametersView:116 -                Rank 1 : false
2026-05-12 00:48:30,369 [INFO] ADCParametersView:116 -                Rank 1 : false
2026-05-12 00:48:30,390 [INFO] ADCParametersView:116 -                Rank 1 : false
2026-05-12 00:48:30,441 [INFO] ADCParametersView:116 -                Rank 1 : false
2026-05-12 00:48:30,441 [INFO] ADCParametersView:116 -                Rank 1 : false
2026-05-12 00:48:30,441 [INFO] ADCParametersView:116 -                Rank 1 : false
2026-05-12 00:48:30,441 [INFO] ADCParametersView:116 -                Rank 1 : false
2026-05-12 00:48:30,441 [INFO] ADCParametersView:116 -                Rank 1 : false
2026-05-12 00:48:30,441 [INFO] ADCParametersView:116 -                Rank 1 : false
2026-05-12 00:48:30,441 [INFO] ADCParametersView:116 -                Rank 1 : false
2026-05-12 00:48:30,441 [INFO] ADCParametersView:116 -                Rank 1 : false
2026-05-12 00:48:30,441 [INFO] ADCParametersView:116 -                Rank 1 : false
2026-05-12 00:48:30,441 [INFO] ADCParametersView:116 -                Rank 1 : false
2026-05-12 00:48:30,441 [INFO] ADCParametersView:116 -                Rank 1 : false
2026-05-12 00:48:30,441 [INFO] ADCParametersView:116 -                Rank 1 : false
2026-05-12 00:48:30,441 [INFO] ADCParametersView:116 -                Rank 1 : false
2026-05-12 00:48:30,441 [INFO] ADCParametersView:116 -                Rank 1 : false
2026-05-12 00:48:30,470 [INFO] ADCParametersView:116 -                Rank 1 : false
2026-05-12 00:48:31,009 [INFO] UtilMem:75 - End SaveConfig() Used Memory: 962254384 Bytes (1073741824)
2026-05-12 00:48:32,201 [INFO] UtilMem:75 - End SaveConfig() Used Memory: 991614512 Bytes (1073741824)
2026-05-12 00:48:33,161 [INFO] UtilMem:75 - End SaveConfig() Used Memory: 966454000 Bytes (1073741824)
2026-05-12 00:48:33,798 [INFO] BlockDiagram:2775 - set Specific Code input for plugin: RCC
2026-05-12 00:48:33,799 [INFO] BlockDiagram:2775 - set Specific Code input for plugin: CAN
2026-05-12 00:48:33,799 [INFO] BlockDiagram:2775 - set Specific Code input for plugin: SYS
2026-05-12 00:48:33,799 [INFO] BlockDiagram:2775 - set Specific Code input for plugin: ADC
2026-05-12 00:48:33,799 [INFO] BlockDiagram:2775 - set Specific Code input for plugin: NVIC
2026-05-12 00:48:33,799 [INFO] BlockDiagram:2775 - set Specific Code input for plugin: GPIO
2026-05-12 00:48:33,800 [INFO] CodeGenerator:892 - code generatio: config db path: D:\STM32CubeIDE_1.19.0\STM32CubeIDE\plugins\com.st.stm32cube.common.mx_6.15.0.202507011659\\db\
2026-05-12 00:48:34,346 [INFO] CodeEngine:265 - oldGeneratedFile, F:\BTLHTĐKN\MCU\SLAVE_F407_Ver_2\MXTmpFiles\license.tmp_save
2026-05-12 00:48:34,694 [INFO] CodeEngine:289 - Generated code: F:\BTLHTĐKN\MCU\SLAVE_F407_Ver_2\MXTmpFiles\license.tmp
2026-05-12 00:48:34,745 [INFO] CodeEngine:265 - oldGeneratedFile, F:\BTLHTĐKN\MCU\SLAVE_F407_Ver_2\MXTmpFiles\gpio.tmp_save
2026-05-12 00:48:34,903 [INFO] CodeEngine:289 - Generated code: F:\BTLHTĐKN\MCU\SLAVE_F407_Ver_2\MXTmpFiles\gpio.tmp
2026-05-12 00:48:35,030 [INFO] CodeEngine:265 - oldGeneratedFile, F:\BTLHTĐKN\MCU\SLAVE_F407_Ver_2\Core\Src\stm32f4xx_it.c_save
2026-05-12 00:48:35,305 [INFO] CodeEngine:289 - Generated code: F:\BTLHTĐKN\MCU\SLAVE_F407_Ver_2\Core\Src\stm32f4xx_it.c
2026-05-12 00:48:35,311 [INFO] CodeEngine:265 - oldGeneratedFile, F:\BTLHTĐKN\MCU\SLAVE_F407_Ver_2\Core\Inc\stm32f4xx_it.h_save
2026-05-12 00:48:35,409 [INFO] CodeEngine:289 - Generated code: F:\BTLHTĐKN\MCU\SLAVE_F407_Ver_2\Core\Inc\stm32f4xx_it.h
2026-05-12 00:48:35,424 [INFO] CodeEngine:265 - oldGeneratedFile, F:\BTLHTĐKN\MCU\SLAVE_F407_Ver_2\Core\Src\stm32f4xx_hal_msp.c_save
2026-05-12 00:48:35,601 [INFO] CodeEngine:289 - Generated code: F:\BTLHTĐKN\MCU\SLAVE_F407_Ver_2\Core\Src\stm32f4xx_hal_msp.c
2026-05-12 00:48:35,608 [INFO] CodeEngine:265 - oldGeneratedFile, F:\BTLHTĐKN\MCU\SLAVE_F407_Ver_2\MXTmpFiles\system.tmp_save
2026-05-12 00:48:35,706 [INFO] CodeEngine:289 - Generated code: F:\BTLHTĐKN\MCU\SLAVE_F407_Ver_2\MXTmpFiles\system.tmp
2026-05-12 00:48:35,726 [INFO] CodeEngine:321 - oldGeneratedFile, F:\BTLHTĐKN\MCU\SLAVE_F407_Ver_2\Core\Inc\stm32f4xx_hal_conf.h_save
2026-05-12 00:48:35,850 [INFO] CodeEngine:345 - Generated code: F:\BTLHTĐKN\MCU\SLAVE_F407_Ver_2\Core\Inc\stm32f4xx_hal_conf.h
2026-05-12 00:48:35,897 [INFO] ApiDbMcu:532 - Load IP Config File for ADC1
2026-05-12 00:48:35,900 [INFO] ApiDbMcu:532 - Load IP Config File for CAN1
2026-05-12 00:48:35,907 [INFO] ApiDbMcu:532 - Load IP Config File for RCC
2026-05-12 00:48:35,919 [INFO] CodeEngine:265 - oldGeneratedFile, F:\BTLHTĐKN\MCU\SLAVE_F407_Ver_2\Core\Inc\main.h_save
2026-05-12 00:48:36,093 [INFO] CodeEngine:289 - Generated code: F:\BTLHTĐKN\MCU\SLAVE_F407_Ver_2\Core\Inc\main.h
2026-05-12 00:48:36,101 [INFO] CodeEngine:265 - oldGeneratedFile, F:\BTLHTĐKN\MCU\SLAVE_F407_Ver_2\Core\Src\main.c_save
2026-05-12 00:48:36,333 [INFO] CodeEngine:289 - Generated code: F:\BTLHTĐKN\MCU\SLAVE_F407_Ver_2\Core\Src\main.c
2026-05-12 00:48:37,159 [INFO] ProjectBuilder:3606 - Time for Copy HAL[1] : 149mS.
2026-05-12 00:48:37,162 [INFO] ProjectBuilder:5216 - Project Generator version: 4.7.0-B52
2026-05-12 00:48:37,265 [INFO] ConfigFileManager:1595 - The Die is : DIE413
2026-05-12 00:48:37,269 [INFO] ApiDbMcu:532 - Load IP Config File for FATFS
2026-05-12 00:48:37,274 [INFO] ApiDbMcu:532 - Load IP Config File for FREERTOS
2026-05-12 00:48:37,276 [INFO] ApiDbMcu:532 - Load IP Config File for LIBJPEG
2026-05-12 00:48:37,281 [INFO] ApiDbMcu:532 - Load IP Config File for LWIP
2026-05-12 00:48:37,288 [INFO] ApiDbMcu:532 - Load IP Config File for MBEDTLS
2026-05-12 00:48:37,293 [INFO] ApiDbMcu:532 - Load IP Config File for USB_DEVICE
2026-05-12 00:48:37,296 [INFO] ApiDbMcu:532 - Load IP Config File for USB_HOST
2026-05-12 00:48:39,087 [INFO] ProjectBuilder:5496 - Time for Generating toolchain IDE Files: 1924mS.
2026-05-12 00:48:39,089 [INFO] ProjectBuilder:3463 - Time for Copy CMSIS : 2mS.
2026-05-12 00:48:39,091 [INFO] ProjectBuilder:3463 - Time for Copy CMSIS : 0mS.
2026-05-12 01:04:25,206 [ERROR] LogOutputStream:75 - [STDERR_REDIRECT] 
2026-05-12 11:25:36,808 [INFO] Activator:176 - 


2026-05-12 11:25:36,811 [INFO] Activator:177 - !SESSION log4j initialized
2026-05-12 11:25:44,161 [INFO] LogOutputStream:77 - [STDOUT_REDIRECT] 
2026-05-12 11:25:51,276 [INFO] ApplicationProperties:184 - Using Application install path: D:\STM32CubeIDE_1.19.0\STM32CubeIDE\plugins\com.st.stm32cube.common.mx_6.15.0.202507011659
2026-05-12 11:25:51,311 [INFO] DbMcusXml:78 - Set database path to: D:\STM32CubeIDE_1.19.0\STM32CubeIDE\plugins\com.st.stm32cube.common.mx_6.15.0.202507011659\\db\/mcu/
2026-05-12 11:25:51,311 [INFO] ApiDb:274 - Set plugin database path to: D:\STM32CubeIDE_1.19.0\STM32CubeIDE\plugins\com.st.stm32cube.common.mx_6.15.0.202507011659\\db\/plugins/boardmanager/
2026-05-12 11:25:51,312 [WARN] ApiDb:259 - Overriding images path with different value:  => D:\STM32CubeIDE_1.19.0\STM32CubeIDE\plugins\com.st.stm32cube.common.mx_6.15.0.202507011659\\db\/plugins/mcufinder/images/
2026-05-12 11:25:51,334 [INFO] ApiDb:250 - Set database path to: C:\Users\ADMIN\.stmcufinder\plugins\mcufinder//mcu/
2026-05-12 11:25:51,336 [INFO] DbMcusAds:125 - Set database path to: C:\Users\ADMIN\.stmcufinder\plugins\mcufinder//mcu/
2026-05-12 11:25:51,340 [INFO] CrossReferenceDbSqlite:203 - Set database path to: C:\Users\ADMIN\.stmcufinder\plugins\mcufinder//mcu/cs/
2026-05-12 11:25:51,565 [INFO] RulesReader:64 - Compatibility file has been processed (317 Rules)
2026-05-12 11:25:51,688 [INFO] DbMcusXml:78 - Set database path to: D:\STM32CubeIDE_1.19.0\STM32CubeIDE\plugins\com.st.stm32cube.common.mx_6.15.0.202507011659\\db\/mcu/
2026-05-12 11:25:51,688 [INFO] ApiDb:274 - Set plugin database path to: D:\STM32CubeIDE_1.19.0\STM32CubeIDE\plugins\com.st.stm32cube.common.mx_6.15.0.202507011659\\db\/plugins/boardmanager/
2026-05-12 11:25:51,688 [INFO] ApiDb:261 - Set plugin images path to: D:\STM32CubeIDE_1.19.0\STM32CubeIDE\plugins\com.st.stm32cube.common.mx_6.15.0.202507011659\\db\/plugins/mcufinder/images/
2026-05-12 11:25:51,688 [WARN] DbFile:41 - Overriding database path with different value: C:\Users\ADMIN\.stmcufinder\plugins\mcufinder/ => C:\Users\ADMIN\.stmcufinder\plugins\mcufinder
2026-05-12 11:25:51,688 [INFO] ApiDb:250 - Set database path to: C:\Users\ADMIN\.stmcufinder\plugins\mcufinder//mcu/
2026-05-12 11:25:51,688 [WARN] DbFile:41 - Overriding database path with different value: C:\Users\ADMIN\.stmcufinder\plugins\mcufinder/ => C:\Users\ADMIN\.stmcufinder\plugins\mcufinder
2026-05-12 11:25:51,688 [INFO] DbMcusAds:125 - Set database path to: C:\Users\ADMIN\.stmcufinder\plugins\mcufinder//mcu/
2026-05-12 11:25:51,688 [WARN] DbFile:41 - Overriding database path with different value: C:\Users\ADMIN\.stmcufinder\plugins\mcufinder/ => C:\Users\ADMIN\.stmcufinder\plugins\mcufinder
2026-05-12 11:25:51,688 [WARN] DbFile:41 - Overriding database path with different value: C:\Users\ADMIN\.stmcufinder\plugins\mcufinder/ => C:\Users\ADMIN\.stmcufinder\plugins\mcufinder
2026-05-12 11:25:51,688 [INFO] CrossReferenceDbSqlite:203 - Set database path to: C:\Users\ADMIN\.stmcufinder\plugins\mcufinder//mcu/cs/
2026-05-12 11:25:51,806 [INFO] MainPanel:274 - HeapMemory: 268435456
2026-05-12 11:25:52,054 [INFO] DbMcusXml:78 - Set database path to: D:\STM32CubeIDE_1.19.0\STM32CubeIDE\plugins\com.st.stm32cube.common.mx_6.15.0.202507011659\\db\/mcu/
2026-05-12 11:25:52,054 [INFO] ApiDb:274 - Set plugin database path to: D:\STM32CubeIDE_1.19.0\STM32CubeIDE\plugins\com.st.stm32cube.common.mx_6.15.0.202507011659\\db\/plugins/boardmanager/
2026-05-12 11:25:52,054 [INFO] ApiDb:261 - Set plugin images path to: D:\STM32CubeIDE_1.19.0\STM32CubeIDE\plugins\com.st.stm32cube.common.mx_6.15.0.202507011659\\db\/plugins/mcufinder/images/
2026-05-12 11:25:52,055 [WARN] DbFile:41 - Overriding database path with different value: C:\Users\ADMIN\.stmcufinder\plugins\mcufinder/ => C:\Users\ADMIN\.stmcufinder\plugins\mcufinder
2026-05-12 11:25:52,055 [INFO] ApiDb:250 - Set database path to: C:\Users\ADMIN\.stmcufinder\plugins\mcufinder//mcu/
2026-05-12 11:25:52,055 [WARN] DbFile:41 - Overriding database path with different value: C:\Users\ADMIN\.stmcufinder\plugins\mcufinder/ => C:\Users\ADMIN\.stmcufinder\plugins\mcufinder
2026-05-12 11:25:52,055 [INFO] DbMcusAds:125 - Set database path to: C:\Users\ADMIN\.stmcufinder\plugins\mcufinder//mcu/
2026-05-12 11:25:52,055 [WARN] DbFile:41 - Overriding database path with different value: C:\Users\ADMIN\.stmcufinder\plugins\mcufinder/ => C:\Users\ADMIN\.stmcufinder\plugins\mcufinder
2026-05-12 11:25:52,055 [WARN] DbFile:41 - Overriding database path with different value: C:\Users\ADMIN\.stmcufinder\plugins\mcufinder/ => C:\Users\ADMIN\.stmcufinder\plugins\mcufinder
2026-05-12 11:25:52,056 [INFO] CrossReferenceDbSqlite:203 - Set database path to: C:\Users\ADMIN\.stmcufinder\plugins\mcufinder//mcu/cs/
2026-05-12 11:25:52,092 [INFO] ApplicationProperties:184 - Using Application install path: D:\STM32CubeIDE_1.19.0\STM32CubeIDE\plugins\com.st.stm32cube.common.mx_6.15.0.202507011659
2026-05-12 11:25:52,094 [INFO] PluginManage:196 - Search for loadable plugins [exclusion list=, ]
2026-05-12 11:25:52,097 [INFO] PluginManage:310 - Check plugin analytics
2026-05-12 11:25:52,464 [INFO] AnalyticsPlugin:253 - Accepted Software Licenses: 
2026-05-12 11:25:52,465 [INFO] AnalyticsPlugin:255 - Accepted CMSIS Pack Licenses: 
2026-05-12 11:25:52,465 [INFO] AnalyticsPlugin:257 - Accepted Firmware Licenses: FW.F4.1.28.0,FW.L4.1.18.0
2026-05-12 11:25:52,470 [INFO] PluginManage:359 - Loaded plugin analytics (category:tool,tabindex:-1)
2026-05-12 11:25:52,471 [INFO] PluginManage:310 - Check plugin cadmodel
2026-05-12 11:25:52,499 [INFO] CADModel:105 - Init CAD model plugin
2026-05-12 11:25:52,500 [INFO] PluginManage:359 - Loaded plugin cadmodel (category:power,tabindex:5)
2026-05-12 11:25:52,500 [INFO] PluginManage:310 - Check plugin clock
2026-05-12 11:25:52,521 [INFO] PluginManage:359 - Loaded plugin clock (category:base,tabindex:2)
2026-05-12 11:25:52,521 [INFO] PluginManage:310 - Check plugin ddr
2026-05-12 11:25:52,525 [INFO] PluginManage:359 - Loaded plugin ddr (category:tool,tabindex:6)
2026-05-12 11:25:52,525 [INFO] PluginManage:310 - Check plugin filemanager
2026-05-12 11:25:52,789 [INFO] PluginManage:359 - Loaded plugin filemanager (category:base,tabindex:10)
2026-05-12 11:25:52,789 [INFO] PluginManage:310 - Check plugin ipmanager
2026-05-12 11:25:52,807 [INFO] PluginManage:359 - Loaded plugin ipmanager (category:base,tabindex:5)
2026-05-12 11:25:52,807 [INFO] PluginManage:310 - Check plugin lpbam
2026-05-12 11:25:53,052 [INFO] PluginManage:359 - Loaded plugin lpbam (category:base,tabindex:0)
2026-05-12 11:25:53,053 [INFO] PluginManage:310 - Check plugin memorymap
2026-05-12 11:25:53,304 [INFO] PluginManage:359 - Loaded plugin memorymap (category:base,tabindex:4)
2026-05-12 11:25:53,305 [INFO] PluginManage:310 - Check plugin pinoutandconfiguration
2026-05-12 11:25:53,348 [INFO] PluginManage:359 - Loaded plugin pinoutandconfiguration (category:base,tabindex:1)
2026-05-12 11:25:53,349 [INFO] PluginManage:310 - Check plugin pinoutconfig
2026-05-12 11:25:53,637 [WARN] SupportedApi:132 - Cannot load RTOS API schema: s4s-elt-must-match.1: The content of 'definitions' must match (annotation?, (simpleType | complexType)?, (unique | key | keyref)*)). A problem was found starting at: attribute.
2026-05-12 11:25:53,840 [INFO] PluginManage:359 - Loaded plugin pinoutconfig (category:base,tabindex:0)
2026-05-12 11:25:53,841 [INFO] PluginManage:310 - Check plugin power
2026-05-12 11:25:53,862 [INFO] PluginManage:359 - Loaded plugin power (category:power,tabindex:4)
2026-05-12 11:25:53,862 [INFO] PluginManage:310 - Check plugin projectmanager
2026-05-12 11:25:53,882 [INFO] PluginManage:359 - Loaded plugin projectmanager (category:projectmanager,tabindex:4)
2026-05-12 11:25:53,882 [INFO] PluginManage:310 - Check plugin rif
2026-05-12 11:25:53,905 [INFO] PluginManage:359 - Loaded plugin rif (category:base,tabindex:3)
2026-05-12 11:25:53,905 [INFO] PluginManage:310 - Check plugin thirdparty
2026-05-12 11:25:54,273 [INFO] PluginManage:359 - Loaded plugin thirdparty (category:base,tabindex:-1)
2026-05-12 11:25:54,273 [WARN] IntegrityCheckThread:84 - waiting for thirdparty lock release [integrity check]
2026-05-12 11:25:54,273 [INFO] PluginManage:310 - Check plugin tools
2026-05-12 11:25:54,273 [INFO] IntegrityCheckThread:86 - entering critical section [integrity check]
2026-05-12 11:25:54,275 [INFO] ThirdPartyUpdaterWithRetryManager:70 - Updater plugin not ready yet. [1/15]
2026-05-12 11:25:54,298 [INFO] PluginManage:359 - Loaded plugin tools (category:base,tabindex:7)
2026-05-12 11:25:54,298 [INFO] PluginManage:310 - Check plugin tutovideos
2026-05-12 11:25:54,808 [INFO] PluginManage:359 - Loaded plugin tutovideos (category:base,tabindex:-1)
2026-05-12 11:25:54,809 [INFO] PluginManage:310 - Check plugin updater
2026-05-12 11:25:54,846 [INFO] PluginManage:359 - Loaded plugin updater (category:base,tabindex:12)
2026-05-12 11:25:54,847 [INFO] PluginManage:310 - Check plugin userauth
2026-05-12 11:25:54,851 [INFO] UserAuth:118 - Init User Auth plugin
2026-05-12 11:25:54,853 [INFO] PluginManage:359 - Loaded plugin userauth (category:base,tabindex:14)
2026-05-12 11:25:54,854 [INFO] PluginManage:283 - PluginManage : Loaded plugins [18]
2026-05-12 11:25:55,372 [INFO] PinOutPanel:1589 - setPackage(No Configuration,No Configuration)
2026-05-12 11:25:55,531 [INFO] CADModel:165 - CPN selected for project level
2026-05-12 11:25:55,531 [INFO] CADModel:114 - Register for checkConnection events
2026-05-12 11:25:55,656 [INFO] IPUIPlugin:80 - create IPUIPlugin
2026-05-12 11:25:55,657 [INFO] PluginManager:220 - loadIPPluginJar : add adc
2026-05-12 11:25:55,689 [INFO] IPUIPlugin:80 - create IPUIPlugin
2026-05-12 11:25:55,689 [INFO] PluginManager:220 - loadIPPluginJar : add aes
2026-05-12 11:25:55,727 [INFO] IPUIPlugin:80 - create IPUIPlugin
2026-05-12 11:25:55,727 [INFO] PluginManager:220 - loadIPPluginJar : add can
2026-05-12 11:25:55,749 [INFO] IPUIPlugin:80 - create IPUIPlugin
2026-05-12 11:25:55,749 [INFO] PluginManager:220 - loadIPPluginJar : add comp
2026-05-12 11:25:55,785 [INFO] IPUIPlugin:80 - create IPUIPlugin
2026-05-12 11:25:55,785 [INFO] PluginManager:220 - loadIPPluginJar : add cryp
2026-05-12 11:25:55,798 [INFO] IPUIPlugin:80 - create IPUIPlugin
2026-05-12 11:25:55,798 [INFO] PluginManager:220 - loadIPPluginJar : add ddr_ctrl_phy
2026-05-12 11:25:55,834 [INFO] IPUIPlugin:80 - create IPUIPlugin
2026-05-12 11:25:55,834 [INFO] PluginManager:220 - loadIPPluginJar : add dfsdm
2026-05-12 11:25:55,942 [INFO] IPUIPlugin:80 - create IPUIPlugin
2026-05-12 11:25:55,943 [INFO] PluginManager:220 - loadIPPluginJar : add dma
2026-05-12 11:25:56,015 [INFO] IPUIPlugin:80 - create IPUIPlugin
2026-05-12 11:25:56,015 [INFO] PluginManager:220 - loadIPPluginJar : add dma3
2026-05-12 11:25:56,097 [INFO] IPUIPlugin:80 - create IPUIPlugin
2026-05-12 11:25:56,097 [INFO] PluginManager:220 - loadIPPluginJar : add extmemmanager
2026-05-12 11:25:56,123 [INFO] IPUIPlugin:80 - create IPUIPlugin
2026-05-12 11:25:56,123 [INFO] PluginManager:220 - loadIPPluginJar : add fatfs
2026-05-12 11:25:56,173 [INFO] IPUIPlugin:80 - create IPUIPlugin
2026-05-12 11:25:56,173 [INFO] PluginManager:220 - loadIPPluginJar : add fmc
2026-05-12 11:25:56,191 [INFO] IPUIPlugin:80 - create IPUIPlugin
2026-05-12 11:25:56,192 [INFO] PluginManager:220 - loadIPPluginJar : add freertos
2026-05-12 11:25:56,222 [INFO] IPUIPlugin:80 - create IPUIPlugin
2026-05-12 11:25:56,222 [INFO] PluginManager:220 - loadIPPluginJar : add genericplugin
2026-05-12 11:25:56,317 [INFO] IPUIPlugin:80 - create IPUIPlugin
2026-05-12 11:25:56,317 [INFO] PluginManager:220 - loadIPPluginJar : add gfxmmu
2026-05-12 11:25:56,480 [INFO] IPUIPlugin:80 - create IPUIPlugin
2026-05-12 11:25:56,481 [INFO] PluginManager:220 - loadIPPluginJar : add gic
2026-05-12 11:25:56,748 [INFO] IPUIPlugin:80 - create IPUIPlugin
2026-05-12 11:25:56,749 [INFO] PluginManager:220 - loadIPPluginJar : add gpio
2026-05-12 11:25:56,801 [INFO] IPUIPlugin:80 - create IPUIPlugin
2026-05-12 11:25:56,801 [INFO] PluginManager:220 - loadIPPluginJar : add gtzc
2026-05-12 11:25:56,830 [INFO] IPUIPlugin:80 - create IPUIPlugin
2026-05-12 11:25:56,831 [INFO] PluginManager:220 - loadIPPluginJar : add hash
2026-05-12 11:25:56,904 [INFO] IPUIPlugin:80 - create IPUIPlugin
2026-05-12 11:25:56,905 [INFO] PluginManager:220 - loadIPPluginJar : add i2c
2026-05-12 11:25:56,959 [INFO] IPUIPlugin:80 - create IPUIPlugin
2026-05-12 11:25:56,960 [INFO] PluginManager:220 - loadIPPluginJar : add i2s
2026-05-12 11:25:57,017 [INFO] IPUIPlugin:80 - create IPUIPlugin
2026-05-12 11:25:57,017 [INFO] PluginManager:220 - loadIPPluginJar : add i3c
2026-05-12 11:25:57,089 [INFO] IPUIPlugin:80 - create IPUIPlugin
2026-05-12 11:25:57,090 [INFO] PluginManager:220 - loadIPPluginJar : add ipddr
2026-05-12 11:25:57,187 [INFO] IPUIPlugin:80 - create IPUIPlugin
2026-05-12 11:25:57,188 [INFO] PluginManager:220 - loadIPPluginJar : add linkedlist
2026-05-12 11:25:57,218 [INFO] IPUIPlugin:80 - create IPUIPlugin
2026-05-12 11:25:57,218 [INFO] PluginManager:220 - loadIPPluginJar : add lorawan
2026-05-12 11:25:57,245 [INFO] IPUIPlugin:80 - create IPUIPlugin
2026-05-12 11:25:57,245 [INFO] PluginManager:220 - loadIPPluginJar : add ltdc
2026-05-12 11:25:57,277 [INFO] ThirdPartyUpdaterWithRetryManager:70 - Updater plugin not ready yet. [2/15]
2026-05-12 11:25:57,551 [INFO] IPUIPlugin:80 - create IPUIPlugin
2026-05-12 11:25:57,552 [INFO] PluginManager:220 - loadIPPluginJar : add mdma
2026-05-12 11:25:57,948 [INFO] IPUIPlugin:80 - create IPUIPlugin
2026-05-12 11:25:57,949 [INFO] PluginManager:220 - loadIPPluginJar : add nvic
2026-05-12 11:25:57,984 [INFO] IPUIPlugin:80 - create IPUIPlugin
2026-05-12 11:25:57,984 [INFO] PluginManager:220 - loadIPPluginJar : add opamp
2026-05-12 11:25:58,042 [INFO] IPUIPlugin:80 - create IPUIPlugin
2026-05-12 11:25:58,042 [INFO] PluginManager:220 - loadIPPluginJar : add openamp
2026-05-12 11:25:58,084 [INFO] IPUIPlugin:80 - create IPUIPlugin
2026-05-12 11:25:58,084 [INFO] PluginManager:220 - loadIPPluginJar : add pdm2pcm
2026-05-12 11:25:58,317 [INFO] IPUIPlugin:80 - create IPUIPlugin
2026-05-12 11:25:58,333 [INFO] PluginManager:220 - loadIPPluginJar : add plateformsettings
2026-05-12 11:25:58,371 [INFO] IPUIPlugin:80 - create IPUIPlugin
2026-05-12 11:25:58,371 [INFO] PluginManager:220 - loadIPPluginJar : add quadspi
2026-05-12 11:25:58,414 [INFO] IPUIPlugin:80 - create IPUIPlugin
2026-05-12 11:25:58,415 [INFO] PluginManager:220 - loadIPPluginJar : add radio
2026-05-12 11:25:58,442 [INFO] IPUIPlugin:80 - create IPUIPlugin
2026-05-12 11:25:58,442 [INFO] PluginManager:220 - loadIPPluginJar : add resmgrutility
2026-05-12 11:25:58,490 [INFO] IPUIPlugin:80 - create IPUIPlugin
2026-05-12 11:25:58,490 [INFO] PluginManager:220 - loadIPPluginJar : add sai
2026-05-12 11:25:58,548 [INFO] IPUIPlugin:80 - create IPUIPlugin
2026-05-12 11:25:58,548 [INFO] PluginManager:220 - loadIPPluginJar : add spi
2026-05-12 11:25:58,607 [INFO] IPUIPlugin:80 - create IPUIPlugin
2026-05-12 11:25:58,608 [INFO] PluginManager:220 - loadIPPluginJar : add stm32_wpan
2026-05-12 11:25:58,627 [INFO] IPUIPlugin:80 - create IPUIPlugin
2026-05-12 11:25:58,627 [INFO] PluginManager:220 - loadIPPluginJar : add tim
2026-05-12 11:25:58,715 [INFO] IPUIPlugin:80 - create IPUIPlugin
2026-05-12 11:25:58,717 [INFO] PluginManager:220 - loadIPPluginJar : add touchsensing
2026-05-12 11:25:58,747 [INFO] IPUIPlugin:80 - create IPUIPlugin
2026-05-12 11:25:58,747 [INFO] PluginManager:220 - loadIPPluginJar : add tracer_emb
2026-05-12 11:25:58,769 [INFO] IPUIPlugin:80 - create IPUIPlugin
2026-05-12 11:25:58,769 [INFO] PluginManager:220 - loadIPPluginJar : add ts
2026-05-12 11:25:58,796 [INFO] IPUIPlugin:80 - create IPUIPlugin
2026-05-12 11:25:58,796 [INFO] PluginManager:220 - loadIPPluginJar : add tsc
2026-05-12 11:25:58,818 [INFO] IPUIPlugin:80 - create IPUIPlugin
2026-05-12 11:25:58,818 [INFO] PluginManager:220 - loadIPPluginJar : add ucpd
2026-05-12 11:25:58,850 [INFO] IPUIPlugin:80 - create IPUIPlugin
2026-05-12 11:25:58,850 [INFO] PluginManager:220 - loadIPPluginJar : add usart
2026-05-12 11:25:58,884 [INFO] IPUIPlugin:80 - create IPUIPlugin
2026-05-12 11:25:58,884 [INFO] PluginManager:220 - loadIPPluginJar : add usbx
2026-05-12 11:25:59,076 [FATAL] Updater:351 - Updater called before beeing initialized
2026-05-12 11:25:59,132 [INFO] RulesReader:64 - Compatibility file has been processed (317 Rules)
2026-05-12 11:25:59,160 [INFO] RulesReader:64 - Compatibility file has been processed (317 Rules)
2026-05-12 11:25:59,171 [INFO] CADModel:165 - CPN selected for project level
2026-05-12 11:25:59,171 [INFO] CADModel:114 - Register for checkConnection events
2026-05-12 11:25:59,171 [FATAL] Updater:351 - Updater called before beeing initialized
2026-05-12 11:25:59,171 [ERROR] CADModel:125 - Updater not yet initialized, retry later 
2026-05-12 11:25:59,479 [FATAL] Updater:351 - Updater called before beeing initialized
2026-05-12 11:25:59,482 [INFO] CADModel:165 - CPN selected for project level
2026-05-12 11:25:59,482 [INFO] CADModel:114 - Register for checkConnection events
2026-05-12 11:25:59,482 [FATAL] Updater:351 - Updater called before beeing initialized
2026-05-12 11:25:59,482 [ERROR] CADModel:125 - Updater not yet initialized, retry later 
2026-05-12 11:25:59,493 [FATAL] Updater:351 - Updater called before beeing initialized
2026-05-12 11:25:59,685 [FATAL] Updater:351 - Updater called before beeing initialized
2026-05-12 11:25:59,700 [INFO] DbMcusAds:53 - JSON generation date=Thu Jan 08 22:57:51 ICT 2026 (1767887871456)
2026-05-12 11:25:59,701 [FATAL] Updater:351 - Updater called before beeing initialized
2026-05-12 11:25:59,922 [WARN] DetailPanel:346 - Failed to get advertising image, set to default
2026-05-12 11:26:00,044 [FATAL] Updater:351 - Updater called before beeing initialized
2026-05-12 11:26:00,046 [FATAL] Updater:351 - Updater called before beeing initialized
2026-05-12 11:26:00,046 [FATAL] Updater:351 - Updater called before beeing initialized
2026-05-12 11:26:00,046 [WARN] DetailPanel:346 - Failed to get advertising image, set to default
2026-05-12 11:26:00,047 [FATAL] Updater:351 - Updater called before beeing initialized
2026-05-12 11:26:00,130 [ERROR] Updater:1198 - MainUpdater not yet initialized. External WinMGr cannot be set.
2026-05-12 11:26:00,138 [INFO] Updater:1134 - Updater Version found : 6.15.0
2026-05-12 11:26:00,170 [INFO] ApplicationProperties:184 - Using Application install path: D:\STM32CubeIDE_1.19.0\STM32CubeIDE\plugins\com.st.stm32cube.common.mx_6.15.0.202507011659
2026-05-12 11:26:00,279 [INFO] ThirdPartyUpdaterWithRetryManager:70 - Updater plugin not ready yet. [3/15]
2026-05-12 11:26:01,785 [ERROR] LogOutputStream:75 - [STDERR_REDIRECT] May 12, 2026 11:26:01 AM java.util.prefs.WindowsPreferences <init>
2026-05-12 11:26:01,787 [ERROR] LogOutputStream:75 - [STDERR_REDIRECT] WARNING: Could not open/create prefs root node Software\JavaSoft\Prefs at root 0xffffffff80000002. Windows RegCreateKeyEx(...) returned error code 5.
2026-05-12 11:26:01,787 [ERROR] LogOutputStream:75 - [STDERR_REDIRECT] 
2026-05-12 11:26:02,568 [INFO] MainUpdater:2872 - connection check result : 10
2026-05-12 11:26:02,569 [INFO] MainUpdater:289 - Updater Check For Update Now.
2026-05-12 11:26:02,569 [INFO] MicroXplorer:498 - Change Database Version : DB.6.0.150
2026-05-12 11:26:02,586 [INFO] McuFinderGlobals:63 - Set McuFinder mode to 2 (CubeIDE integrated)
2026-05-12 11:26:02,595 [INFO] UserAuth:487 - Internet connection configuration mode: 1
2026-05-12 11:26:02,654 [INFO] JxBrowserEngine:152 - Initiate JxBrowser Engine with user profile folder
2026-05-12 11:26:02,864 [INFO] CheckServerUpdateThread:120 - End of CheckServer Thread
2026-05-12 11:26:03,776 [WARN] PackLoader:240 - Cannot read IP mode file for STMicroelectronics.X-CUBE-AZRTOS-H7.3.5.0
2026-05-12 11:26:03,794 [WARN] PackLoader:240 - Cannot read IP mode file for STMicroelectronics.FP-SNS-MOTENVWB1.1.4.0
2026-05-12 11:26:03,809 [WARN] PackLoader:240 - Cannot read IP mode file for STMicroelectronics.FP-ATR-ASTRA1.2.0.2
2026-05-12 11:26:03,821 [WARN] PackLoader:240 - Cannot read IP mode file for STMicroelectronics.FP-ATR-ASTRA1.2.0.1
2026-05-12 11:26:03,834 [WARN] PackLoader:240 - Cannot read IP mode file for STMicroelectronics.X-CUBE-SMBUS.2.1.0
2026-05-12 11:26:03,852 [WARN] PackLoader:240 - Cannot read IP mode file for STMicroelectronics.X-CUBE-WB05N.1.1.0
2026-05-12 11:26:03,874 [WARN] PackLoader:240 - Cannot read IP mode file for STMicroelectronics.X-CUBE-ST60.1.0.0
2026-05-12 11:26:03,889 [WARN] PackLoader:240 - Cannot read IP mode file for STMicroelectronics.X-CUBE-TOUCHGFX.4.23.0
2026-05-12 11:26:03,898 [WARN] PackLoader:240 - Cannot read IP mode file for STMicroelectronics.X-CUBE-TOUCHGFX.4.23.2
2026-05-12 11:26:03,954 [WARN] PackLoader:240 - Cannot read IP mode file for STMicroelectronics.X-CUBE-AZRTOS-F7.1.1.0
2026-05-12 11:26:03,970 [WARN] PackLoader:240 - Cannot read IP mode file for STMicroelectronics.FP-SNS-MOTENV1.4.3.2
2026-05-12 11:26:04,026 [WARN] PackLoader:240 - Cannot read IP mode file for STMicroelectronics.X-CUBE-MEMS1.11.0.0
2026-05-12 11:26:04,199 [WARN] PackLoader:240 - Cannot read IP mode file for STMicroelectronics.FP-SNS-MOTENV1.5.1.0
2026-05-12 11:26:04,211 [WARN] PackLoader:240 - Cannot read IP mode file for STMicroelectronics.FP-SNS-FLIGHT1.5.0.2
2026-05-12 11:26:04,254 [WARN] PackLoader:240 - Cannot read IP mode file for STMicroelectronics.X-CUBE-AZRTOS-H7.3.4.0
2026-05-12 11:26:04,274 [WARN] PackLoader:240 - Cannot read IP mode file for STMicroelectronics.X-CUBE-DISPLAY.3.0.0
2026-05-12 11:26:04,289 [WARN] PackLoader:240 - Cannot read IP mode file for STMicroelectronics.FP-SNS-MOTENVWB1.1.5.0
2026-05-12 11:26:04,301 [WARN] PackLoader:240 - Cannot read IP mode file for STMicroelectronics.X-CUBE-BLE1.7.0.0
2026-05-12 11:26:04,319 [WARN] PackLoader:240 - Cannot read IP mode file for STMicroelectronics.X-CUBE-NFC10.1.0.0
2026-05-12 11:26:04,337 [WARN] PackLoader:240 - Cannot read IP mode file for STMicroelectronics.X-CUBE-BLEMGR.4.0.0
2026-05-12 11:26:04,348 [WARN] PackLoader:240 - Cannot read IP mode file for STMicroelectronics.X-CUBE-ST60.1.1.0
2026-05-12 11:26:04,427 [WARN] PackLoader:240 - Cannot read IP mode file for emotas.I-CUBE-CANOPEN.1.3.0
2026-05-12 11:26:04,553 [WARN] PackLoader:240 - Cannot read IP mode file for STMicroelectronics.X-CUBE-GNSS1.7.1.0
2026-05-12 11:26:04,564 [WARN] PackLoader:240 - Cannot read IP mode file for STMicroelectronics.X-CUBE-TOUCHGFX.4.22.1
2026-05-12 11:26:04,580 [WARN] PackLoader:240 - Cannot read IP mode file for STMicroelectronics.X-CUBE-BLEMGR.3.1.0
2026-05-12 11:26:04,597 [WARN] PackLoader:240 - Cannot read IP mode file for STMicroelectronics.X-CUBE-AI.10.0.0
2026-05-12 11:26:04,615 [WARN] PackLoader:240 - Cannot read IP mode file for STMicroelectronics.FP-SNS-STBOX1.2.1.0
2026-05-12 11:26:04,630 [WARN] PackLoader:240 - Cannot read IP mode file for STMicroelectronics.FP-SNS-FLIGHT1.5.1.0
2026-05-12 11:26:04,694 [WARN] PackLoader:240 - Cannot read IP mode file for STMicroelectronics.X-CUBE-MEMS1.11.1.0
2026-05-12 11:26:04,933 [INFO] LogOutputStream:77 - [STDOUT_REDIRECT] 1 : Invalid condition id : UX_CORESTACK_Condition cause : null
2026-05-12 11:26:04,934 [INFO] LogOutputStream:77 - [STDOUT_REDIRECT] 1 : Invalid condition id : UX_CORESTACK_Condition cause : null
2026-05-12 11:26:04,935 [INFO] LogOutputStream:77 - [STDOUT_REDIRECT] 1 : Invalid condition id : UX_CORESTACK_Condition cause : null
2026-05-12 11:26:04,937 [INFO] LogOutputStream:77 - [STDOUT_REDIRECT] 1 : Invalid condition id : UX_CORESTACK_Condition cause : null
2026-05-12 11:26:04,938 [INFO] LogOutputStream:77 - [STDOUT_REDIRECT] 1 : Invalid condition id : UX_CORESTACK_Condition cause : null
2026-05-12 11:26:04,942 [WARN] PackLoader:240 - Cannot read IP mode file for STMicroelectronics.X-CUBE-AZRTOS-WL.2.0.0
2026-05-12 11:26:04,970 [WARN] PackLoader:240 - Cannot read IP mode file for STMicroelectronics.FP-SNS-MOTENV1.5.0.0
2026-05-12 11:26:05,012 [WARN] PackLoader:240 - Cannot read IP mode file for STMicroelectronics.X-CUBE-AZRTOS-H7RS.1.2.0
2026-05-12 11:26:05,028 [WARN] PackLoader:240 - Cannot read IP mode file for wolfSSL.I-CUBE-wolfMQTT.1.19.0
2026-05-12 11:26:05,045 [WARN] PackLoader:240 - Cannot read IP mode file for WES.I-CUBE-Cesium.1.3.0
2026-05-12 11:26:05,059 [WARN] PackLoader:240 - Cannot read IP mode file for STMicroelectronics.X-CUBE-BLE2.3.3.0
2026-05-12 11:26:05,111 [WARN] PackLoader:240 - Cannot read IP mode file for STMicroelectronics.X-CUBE-NFC9.1.0.0
2026-05-12 11:26:05,153 [WARN] PackLoader:240 - Cannot read IP mode file for STMicroelectronics.X-CUBE-BLE1.7.1.0
2026-05-12 11:26:05,198 [WARN] PackLoader:240 - Cannot read IP mode file for STMicroelectronics.X-CUBE-TCPP.4.1.0
2026-05-12 11:26:05,234 [WARN] PackLoader:240 - Cannot read IP mode file for STMicroelectronics.X-CUBE-FREERTOS.1.4.0
2026-05-12 11:26:05,304 [WARN] PackLoader:240 - Cannot read IP mode file for STMicroelectronics.X-CUBE-EEPRMA1.5.2.0
2026-05-12 11:26:05,398 [WARN] PackLoader:240 - Cannot read IP mode file for STMicroelectronics.X-CUBE-ST67W61.1.1.0
2026-05-12 11:26:05,415 [WARN] PackLoader:240 - Cannot read IP mode file for STMicroelectronics.X-CUBE-AI.10.1.0
2026-05-12 11:26:05,478 [WARN] PackLoader:240 - Cannot read IP mode file for STMicroelectronics.X-CUBE-MEMS1.12.0.0
2026-05-12 11:26:05,564 [WARN] PackLoader:240 - Cannot read IP mode file for STMicroelectronics.X-CUBE-ALGOBUILD.1.3.0
2026-05-12 11:26:05,627 [WARN] PackLoader:240 - Cannot read IP mode file for STMicroelectronics.X-CUBE-MEMS1.11.2.0
2026-05-12 11:26:05,649 [INFO] WebApp:169 - Instantiating new browser for Auth
2026-05-12 11:26:05,782 [WARN] PackLoader:240 - Cannot read IP mode file for STMicroelectronics.X-CUBE-AZRTOS-G0.1.1.0
2026-05-12 11:26:05,801 [WARN] PackLoader:240 - Cannot read IP mode file for STMicroelectronics.X-CUBE-SAFEA1.1.2.2
2026-05-12 11:26:05,816 [WARN] PackLoader:240 - Cannot read IP mode file for STMicroelectronics.X-CUBE-NFC4.3.0.0
2026-05-12 11:26:05,827 [WARN] PackLoader:240 - Cannot read IP mode file for wolfSSL.I-CUBE-wolfMQTT.1.18.0
2026-05-12 11:26:05,844 [WARN] PackLoader:240 - Cannot read IP mode file for EmbeddedOffice.I-CUBE-FS-RTOS.1.0.1
2026-05-12 11:26:05,858 [WARN] PackLoader:240 - Cannot read IP mode file for STMicroelectronics.X-CUBE-WB05N.2.0.0
2026-05-12 11:26:05,884 [WARN] PackLoader:240 - Cannot read IP mode file for STMicroelectronics.X-CUBE-BLEMGR.3.0.0
2026-05-12 11:26:05,904 [WARN] PackLoader:240 - Cannot read IP mode file for STMicroelectronics.X-CUBE-TCPP.4.2.0
2026-05-12 11:26:05,917 [WARN] PackLoader:240 - Cannot read IP mode file for RealThread.X-CUBE-RT-Thread_Nano.4.1.1
2026-05-12 11:26:05,929 [WARN] PackLoader:240 - Cannot read IP mode file for STMicroelectronics.FP-ATR-SIGFOX1.3.2.0
2026-05-12 11:26:05,944 [WARN] ConditionMgr:438 - getConditionDescription Invalid condition id : Cortex-A Device cause : null
2026-05-12 11:26:05,957 [WARN] ConditionMgr:1044 - genDependencies : Invalid condition id : Cortex-A Device cause : null
2026-05-12 11:26:05,957 [WARN] ConditionMgr:1044 - genDependencies : Invalid condition id : Cortex-A Device cause : null
2026-05-12 11:26:05,957 [WARN] ConditionMgr:1044 - genDependencies : Invalid condition id : Cortex-A Device cause : null
2026-05-12 11:26:05,975 [WARN] PackLoader:240 - Cannot read IP mode file for STMicroelectronics.X-CUBE-EEPRMA1.5.1.0
2026-05-12 11:26:05,993 [WARN] PackLoader:240 - Cannot read IP mode file for STMicroelectronics.X-CUBE-FREERTOS.1.5.0
2026-05-12 11:26:06,017 [WARN] PackLoader:240 - Cannot read IP mode file for STMicroelectronics.X-CUBE-NFC6.3.2.0
2026-05-12 11:26:06,035 [WARN] PackLoader:240 - Cannot read IP mode file for STMicroelectronics.X-CUBE-ST67W61.1.0.0
2026-05-12 11:26:06,050 [WARN] PackLoader:240 - Cannot read IP mode file for STMicroelectronics.X-CUBE-AI.10.2.0
2026-05-12 11:26:06,094 [WARN] PackLoader:240 - Cannot read IP mode file for SEGGER.I-CUBE-embOS.1.3.1
2026-05-12 11:26:06,221 [WARN] PackLoader:240 - Cannot read IP mode file for STMicroelectronics.X-CUBE-ALGOBUILD.1.4.0
2026-05-12 11:26:06,294 [INFO] McuFinderGlobals:63 - Set McuFinder mode to 2 (CubeIDE integrated)
2026-05-12 11:26:06,338 [WARN] PackLoader:240 - Cannot read IP mode file for STMicroelectronics.X-CUBE-MEMS1.11.3.0
2026-05-12 11:26:06,380 [INFO] MainUpdater:2872 - connection check result : 10
2026-05-12 11:26:06,389 [INFO] MainUpdater:2872 - connection check result : 10
2026-05-12 11:26:06,453 [WARN] PackLoader:240 - Cannot read IP mode file for STMicroelectronics.X-CUBE-AI.9.1.0
2026-05-12 11:26:06,464 [WARN] PackLoader:240 - Cannot read IP mode file for STMicroelectronics.X-CUBE-PM33A1.1.0.0
2026-05-12 11:26:06,479 [WARN] PackLoader:240 - Cannot read IP mode file for STMicroelectronics.X-CUBE-GNSS1.6.0.0
2026-05-12 11:26:06,541 [WARN] PackLoader:240 - Cannot read IP mode file for STMicroelectronics.X-CUBE-AZRTOS-F4.1.1.0
2026-05-12 11:26:06,555 [WARN] PackLoader:240 - Cannot read IP mode file for Avnet-IotConnect.X-CUBE-IoTC-DA16k-PMOD.1.0.0
2026-05-12 11:26:06,569 [WARN] PackLoader:240 - Cannot read IP mode file for STMicroelectronics.X-CUBE-ISPU.2.1.0
2026-05-12 11:26:06,601 [WARN] PackLoader:240 - Cannot read IP mode file for STMicroelectronics.X-CUBE-IPS.3.2.0
2026-05-12 11:26:06,618 [WARN] PackLoader:240 - Cannot read IP mode file for STMicroelectronics.eDS-WB_DPC_TT-BIDIR.2.1.1
2026-05-12 11:26:06,629 [WARN] PackLoader:240 - Cannot read IP mode file for STMicroelectronics.X-CUBE-FREERTOS.1.2.0
2026-05-12 11:26:06,646 [WARN] PackLoader:240 - Cannot read IP mode file for STMicroelectronics.X-CUBE-NFC12.1.0.0
2026-05-12 11:26:06,680 [WARN] PackLoader:240 - Cannot read IP mode file for STMicroelectronics.X-CUBE-AZRTOS-L5.2.0.0
2026-05-12 11:26:06,681 [INFO] MicroXplorer:468 - Change Database Path : 
2026-05-12 11:26:06,682 [INFO] MicroXplorer:498 - Change Database Version : DB.6.0.150
2026-05-12 11:26:06,695 [WARN] ThirdParty:871 - waiting for thirdparty lock release [close project]
2026-05-12 11:26:06,728 [WARN] PackLoader:240 - Cannot read IP mode file for STMicroelectronics.X-CUBE-MEMS1.9.6.0
2026-05-12 11:26:06,995 [WARN] PackLoader:240 - Cannot read IP mode file for STMicroelectronics.X-CUBE-EEPRMA1.4.2.0
2026-05-12 11:26:07,015 [WARN] PackLoader:240 - Cannot read IP mode file for STMicroelectronics.X-CUBE-NFC6.3.1.0
2026-05-12 11:26:07,077 [WARN] PackLoader:240 - Cannot read IP mode file for ITTIA_DB.I-CUBE-ITTIADB.8.8.0
2026-05-12 11:26:07,124 [WARN] PackLoader:240 - Cannot read IP mode file for STMicroelectronics.X-CUBE-BLEMGR.2.0.0
2026-05-12 11:26:07,167 [WARN] PackLoader:240 - Cannot read IP mode file for STMicroelectronics.X-CUBE-DPower.1.2.0
2026-05-12 11:26:07,190 [WARN] PackLoader:240 - Cannot read IP mode file for STMicroelectronics.eDS-WB_DPC_VIENNA.1.2.0
2026-05-12 11:26:07,192 [INFO] WebApp:463 - Apply proxy settings
2026-05-12 11:26:07,193 [INFO] WebApp:548 - Chromium requires no authentication
2026-05-12 11:26:07,208 [WARN] PackLoader:240 - Cannot read IP mode file for STMicroelectronics.eDS-WB_DPC_3PH2L-BIDIR.1.1.1
2026-05-12 11:26:07,217 [INFO] WebApp:491 - Direct internet connection detected
2026-05-12 11:26:07,223 [WARN] PackLoader:240 - Cannot read IP mode file for STMicroelectronics.X-CUBE-AI.9.0.0
2026-05-12 11:26:07,277 [INFO] WebApp:900 - Register for checkConnection events
2026-05-12 11:26:07,278 [INFO] WebApp:463 - Apply proxy settings
2026-05-12 11:26:07,278 [INFO] WebApp:548 - Chromium requires no authentication
2026-05-12 11:26:07,278 [INFO] WebApp:491 - Direct internet connection detected
2026-05-12 11:26:07,278 [WARN] ConditionMgr:438 - getConditionDescription Invalid condition id : UX DEVICE CLASS RTOS Condition cause : null
2026-05-12 11:26:07,279 [WARN] ConditionMgr:438 - getConditionDescription Invalid condition id : UX DEVICE CLASS RTOS Condition cause : null
2026-05-12 11:26:07,284 [WARN] PackLoader:240 - Cannot read IP mode file for STMicroelectronics.X-CUBE-AZRTOS-H7.3.1.0
2026-05-12 11:26:07,287 [WARN] ConditionMgr:1044 - genDependencies : Invalid condition id : UX DEVICE CLASS RTOS Condition cause : null
2026-05-12 11:26:07,287 [WARN] ConditionMgr:1044 - genDependencies : Invalid condition id : UX DEVICE CLASS RTOS Condition cause : null
2026-05-12 11:26:07,288 [WARN] ConditionMgr:1044 - genDependencies : Invalid condition id : UX DEVICE CLASS RTOS Condition cause : null
2026-05-12 11:26:07,289 [WARN] ConditionMgr:1044 - genDependencies : Invalid condition id : UX DEVICE CLASS RTOS Condition cause : null
2026-05-12 11:26:07,289 [WARN] ConditionMgr:1044 - genDependencies : Invalid condition id : UX DEVICE CLASS RTOS Condition cause : null
2026-05-12 11:26:07,325 [WARN] PackLoader:240 - Cannot read IP mode file for STMicroelectronics.X-CUBE-FREERTOS.1.3.1
2026-05-12 11:26:07,346 [WARN] PackLoader:240 - Cannot read IP mode file for STMicroelectronics.X-CUBE-FREERTOS.1.3.0
2026-05-12 11:26:07,363 [WARN] PackLoader:240 - Cannot read IP mode file for STMicroelectronics.X-CUBE-NFC7.1.0.1
2026-05-12 11:26:07,383 [WARN] PackLoader:240 - Cannot read IP mode file for wolfSSL.I-CUBE-wolfTPM.3.2.0
2026-05-12 11:26:07,401 [WARN] PackLoader:240 - Cannot read IP mode file for STMicroelectronics.X-CUBE-TOUCHGFX.4.26.0
2026-05-12 11:26:07,422 [WARN] PackLoader:240 - Cannot read IP mode file for STMicroelectronics.X-CUBE-NFC6.3.0.0
2026-05-12 11:26:07,446 [WARN] PackLoader:240 - Cannot read IP mode file for STMicroelectronics.X-CUBE-TOUCHGFX.4.26.1
2026-05-12 11:26:07,478 [WARN] PackLoader:240 - Cannot read IP mode file for STMicroelectronics.X-CUBE-EEPRMA1.4.1.0
2026-05-12 11:26:07,499 [WARN] PackLoader:240 - Cannot read IP mode file for STMicroelectronics.FP-SNS-STAIOTCFT.1.0.0
2026-05-12 11:26:07,529 [WARN] PackLoader:240 - Cannot read IP mode file for STMicroelectronics.X-CUBE-DPower.1.3.0
2026-05-12 11:26:07,546 [WARN] PackLoader:240 - Cannot read IP mode file for STMicroelectronics.X-CUBE-AI.8.1.0
2026-05-12 11:26:07,597 [WARN] ConditionMgr:438 - getConditionDescription Invalid condition id : LAN8742 Phy interface Condition cause : null
2026-05-12 11:26:07,599 [WARN] PackLoader:240 - Cannot read IP mode file for STMicroelectronics.X-CUBE-AZRTOS-L4.2.0.0
2026-05-12 11:26:07,603 [WARN] ConditionMgr:1044 - genDependencies : Invalid condition id : LAN8742 Phy interface Condition cause : null
2026-05-12 11:26:07,604 [WARN] ConditionMgr:1044 - genDependencies : Invalid condition id : LAN8742 Phy interface Condition cause : null
2026-05-12 11:26:07,607 [WARN] ConditionMgr:1044 - genDependencies : Invalid condition id : LAN8742 Phy interface Condition cause : null
2026-05-12 11:26:07,629 [WARN] PackLoader:240 - Cannot read IP mode file for STMicroelectronics.X-CUBE-SFXS2LP1.4.0.0
2026-05-12 11:26:07,651 [WARN] PackLoader:240 - Cannot read IP mode file for STMicroelectronics.X-CUBE-WB05N.2.1.0
2026-05-12 11:26:07,677 [WARN] PackLoader:240 - Cannot read IP mode file for STMicroelectronics.X-CUBE-ST67W61.1.2.0
2026-05-12 11:26:07,690 [WARN] PackLoader:240 - Cannot read IP mode file for STMicroelectronics.X-CUBE-ISPU.1.1.0
2026-05-12 11:26:07,727 [WARN] PackLoader:240 - Cannot read IP mode file for STMicroelectronics.X-CUBE-AZRTOS-H7.3.3.0
2026-05-12 11:26:07,751 [WARN] PackLoader:240 - Cannot read IP mode file for STMicroelectronics.X-CUBE-BLEMGR.4.1.0
2026-05-12 11:26:07,772 [WARN] PackLoader:240 - Cannot read IP mode file for STMicroelectronics.X-CUBE-IPS.3.0.0
2026-05-12 11:26:07,805 [INFO] WebApp:225 - Starting web application
2026-05-12 11:26:07,805 [INFO] WebApp:593 - Web application path used D:\STM32CubeIDE_1.19.0\STM32CubeIDE\plugins\com.st.stm32cube.common.mx_6.15.0.202507011659\db\plugins\mcufinder\reactClient1\index.html
2026-05-12 11:26:07,807 [WARN] ConditionMgr:438 - getConditionDescription Invalid condition id : UX DEVICE CLASS RTOS Condition cause : null
2026-05-12 11:26:07,808 [WARN] ConditionMgr:438 - getConditionDescription Invalid condition id : UX DEVICE CLASS RTOS Condition cause : null
2026-05-12 11:26:07,810 [WARN] PackLoader:240 - Cannot read IP mode file for STMicroelectronics.X-CUBE-AZRTOS-WB.2.0.0
2026-05-12 11:26:07,811 [WARN] ConditionMgr:1044 - genDependencies : Invalid condition id : UX DEVICE CLASS RTOS Condition cause : null
2026-05-12 11:26:07,813 [WARN] ConditionMgr:1044 - genDependencies : Invalid condition id : UX DEVICE CLASS RTOS Condition cause : null
2026-05-12 11:26:07,813 [WARN] ConditionMgr:1044 - genDependencies : Invalid condition id : UX DEVICE CLASS RTOS Condition cause : null
2026-05-12 11:26:07,813 [WARN] ConditionMgr:1044 - genDependencies : Invalid condition id : UX DEVICE CLASS RTOS Condition cause : null
2026-05-12 11:26:07,818 [WARN] ConditionMgr:1044 - genDependencies : Invalid condition id : UX DEVICE CLASS RTOS Condition cause : null
2026-05-12 11:26:07,837 [WARN] PackLoader:240 - Cannot read IP mode file for STMicroelectronics.X-CUBE-GNSS1.7.0.0
2026-05-12 11:26:07,853 [WARN] PackLoader:240 - Cannot read IP mode file for STMicroelectronics.X-CUBE-GNSS1.7.0.1
2026-05-12 11:26:07,869 [WARN] PackLoader:240 - Cannot read IP mode file for STMicroelectronics.X-CUBE-TOUCHGFX.4.25.0
2026-05-12 11:26:07,886 [WARN] PackLoader:240 - Cannot read IP mode file for STMicroelectronics.FP-SNS-STBOX1.2.0.0
2026-05-12 11:26:07,912 [WARN] PackLoader:240 - Cannot read IP mode file for STMicroelectronics.X-CUBE-STSE01.2.0.0
2026-05-12 11:26:07,940 [WARN] PackLoader:240 - Cannot read IP mode file for STMicroelectronics.X-CUBE-SUBG2.5.0.0
2026-05-12 11:26:07,965 [INFO] UserAuth:487 - Internet connection configuration mode: 1
2026-05-12 11:26:07,978 [WARN] PackLoader:240 - Cannot read IP mode file for STMicroelectronics.X-CUBE-AZRTOS-H7RS.1.1.0
2026-05-12 11:26:08,007 [WARN] PackLoader:240 - Cannot read IP mode file for STMicroelectronics.X-CUBE-TOF1.3.3.1
2026-05-12 11:26:08,034 [INFO] WebApp:191 - Connection restablished
2026-05-12 11:26:08,055 [WARN] PackLoader:240 - Cannot read IP mode file for STMicroelectronics.X-CUBE-AZRTOS-G4.2.0.0
2026-05-12 11:26:08,098 [WARN] PackLoader:240 - Cannot read IP mode file for Infineon.AIROC-Wi-Fi-Bluetooth-STM32.1.5.1
2026-05-12 11:26:08,115 [WARN] PackLoader:240 - Cannot read IP mode file for STMicroelectronics.FP-SNS-MOTENVWB1.1.3.0
2026-05-12 11:26:08,140 [WARN] PackLoader:240 - Cannot read IP mode file for STMicroelectronics.X-CUBE-NFC7.2.0.0
2026-05-12 11:26:08,162 [WARN] PackLoader:240 - Cannot read IP mode file for STMicroelectronics.FP-SNS-MOTENVWB1.1.3.1
2026-05-12 11:26:08,178 [WARN] PackLoader:240 - Cannot read IP mode file for STMicroelectronics.X-CUBE-ISPU.2.0.0
2026-05-12 11:26:08,203 [WARN] PackLoader:240 - Cannot read IP mode file for STMicroelectronics.X-CUBE-IPS.3.1.0
2026-05-12 11:26:08,221 [WARN] PackLoader:240 - Cannot read IP mode file for STMicroelectronics.X-CUBE-ALS.1.0.2
2026-05-12 11:26:08,346 [WARN] PackLoader:240 - Cannot read IP mode file for STMicroelectronics.X-CUBE-MEMS1.10.0.0
2026-05-12 11:26:08,442 [WARN] PackLoader:240 - Cannot read IP mode file for STMicroelectronics.X-CUBE-FREERTOS.1.1.0
2026-05-12 11:26:08,459 [WARN] PackLoader:240 - Cannot read IP mode file for STMicroelectronics.X-CUBE-TOUCHGFX.4.24.0
2026-05-12 11:26:08,479 [WARN] PackLoader:240 - Cannot read IP mode file for STMicroelectronics.X-CUBE-TOUCHGFX.4.24.2
2026-05-12 11:26:08,494 [WARN] PackLoader:240 - Cannot read IP mode file for STMicroelectronics.X-CUBE-TOUCHGFX.4.24.1
2026-05-12 11:26:08,517 [WARN] PackLoader:240 - Cannot read IP mode file for STMicroelectronics.X-CUBE-STSE01.1.0.0
2026-05-12 11:26:08,536 [WARN] PackLoader:240 - Cannot read IP mode file for portGmbH.I-Cube-SoM-uGOAL.1.1.0
2026-05-12 11:26:08,558 [WARN] PackLoader:240 - Cannot read IP mode file for STMicroelectronics.X-CUBE-ALS.1.0.1
2026-05-12 11:26:08,596 [WARN] PackLoader:240 - Cannot read IP mode file for STMicroelectronics.X-CUBE-AZRTOS-H7RS.1.0.0
2026-05-12 11:26:08,612 [WARN] PackLoader:240 - Cannot read IP mode file for STMicroelectronics.FP-ATR-ASTRA1.2.0.0
2026-05-12 11:26:08,637 [WARN] PackLoader:240 - Cannot read IP mode file for STMicroelectronics.X-CUBE-TOF1.3.4.2
2026-05-12 11:26:08,671 [WARN] PackLoader:240 - Cannot read IP mode file for STMicroelectronics.X-CUBE-TOF1.3.4.3
2026-05-12 11:26:08,709 [WARN] PackLoader:240 - Cannot read IP mode file for STMicroelectronics.X-CUBE-TOF1.3.4.0
2026-05-12 11:26:08,755 [WARN] PackLoader:240 - Cannot read IP mode file for STMicroelectronics.X-CUBE-TOF1.3.4.1
2026-05-12 11:26:08,807 [WARN] PackLoader:240 - Cannot read IP mode file for STMicroelectronics.X-CUBE-AZRTOS-H7.3.2.0
2026-05-12 11:26:08,823 [WARN] PackLoader:240 - Cannot read IP mode file for wolfSSL.I-CUBE-wolfSSH.1.4.17
2026-05-12 11:26:08,823 [INFO] ThirdParty:978 - Integrity check success = true
2026-05-12 11:26:08,823 [INFO] IntegrityCheckThread:100 - exiting critical section [integrity check]
2026-05-12 11:26:08,823 [INFO] IntegrityCheckThread:103 - End integrity checks thread
2026-05-12 11:26:08,824 [INFO] ThirdParty:873 - entering critical section [close project]
2026-05-12 11:26:08,824 [INFO] ThirdParty:883 - exiting critical section [close project]
2026-05-12 11:26:08,828 [INFO] PinOutPanel:1589 - setPackage(No Configuration,No Configuration)
2026-05-12 11:26:08,829 [INFO] UtilMem:75 - Begin LoadConfig() Used Memory: 194583472 Bytes (325058560)
2026-05-12 11:26:08,831 [INFO] MicroXplorer:468 - Change Database Path : 
2026-05-12 11:26:08,831 [INFO] MicroXplorer:498 - Change Database Version : DB.6.0.150
2026-05-12 11:26:08,831 [INFO] OpenFileManager:355 - Change cursor
2026-05-12 11:26:08,880 [INFO] Mcu:2029 - Initializing MCU STM32F429ZITx STM32F429ZITx STM32F429ZIT6
2026-05-12 11:26:12,396 [INFO] Context:786 - Trying to add GPIOservice into a context  which must be forbidden
2026-05-12 11:26:13,141 [INFO] ImportTextPane:234 - (OptionalMessage_ERROR) Pin8 (VP_RIF_VS_RIF1) cannot be retrieved for this MCU
2026-05-12 11:26:13,498 [INFO] RtosManager:558 - Registered RTOS mode: class=CMSIS, group=RTOS, mode=CMSIS_V1, owner=FREERTOS
2026-05-12 11:26:13,498 [INFO] RtosManager:558 - Registered RTOS mode: class=CMSIS, group=RTOS2, mode=CMSIS_V2, owner=FREERTOS
2026-05-12 11:26:13,498 [INFO] RtosManager:558 - Registered RTOS mode: class=RTOS, group=Core, mode=CMSIS_V1, owner=FREERTOS
2026-05-12 11:26:13,498 [INFO] RtosManager:558 - Registered RTOS mode: class=RTOS, group=Core, mode=CMSIS_V2, owner=FREERTOS
2026-05-12 11:26:13,498 [WARN] ModelIntegratedComponent:184 - Missing modes for component STMicroelectronics:FreeRTOS:0.0.1:STMicroelectronics:RTOS:FreeRTOS:Core:::10.2.0:
2026-05-12 11:26:13,509 [WARN] ModelIntegratedComponent:63 - No mode defined for component null
2026-05-12 11:26:13,510 [WARN] ModelIntegratedComponent:63 - No mode defined for component null
2026-05-12 11:26:13,510 [WARN] ModelIntegratedComponent:63 - No mode defined for component null
2026-05-12 11:26:13,510 [WARN] ModelIntegratedComponent:63 - No mode defined for component null
2026-05-12 11:26:13,510 [WARN] ModelIntegratedComponent:63 - No mode defined for component null
2026-05-12 11:26:13,510 [WARN] ModelIntegratedComponent:63 - No mode defined for component null
2026-05-12 11:26:13,510 [WARN] ModelIntegratedComponent:63 - No mode defined for component null
2026-05-12 11:26:13,510 [WARN] ModelIntegratedComponent:63 - No mode defined for component null
2026-05-12 11:26:13,510 [WARN] ModelIntegratedComponent:63 - No mode defined for component null
2026-05-12 11:26:13,510 [WARN] ModelIntegratedComponent:63 - No mode defined for component null
2026-05-12 11:26:13,510 [WARN] ModelIntegratedComponent:63 - No mode defined for component null
2026-05-12 11:26:13,510 [WARN] ModelIntegratedComponent:63 - No mode defined for component null
2026-05-12 11:26:13,510 [WARN] ModelIntegratedComponent:63 - No mode defined for component null
2026-05-12 11:26:13,510 [WARN] ModelIntegratedComponent:63 - No mode defined for component null
2026-05-12 11:26:13,510 [WARN] ModelIntegratedComponent:63 - No mode defined for component null
2026-05-12 11:26:13,510 [WARN] ModelIntegratedComponent:63 - No mode defined for component null
2026-05-12 11:26:13,510 [WARN] ModelIntegratedComponent:63 - No mode defined for component null
2026-05-12 11:26:13,510 [WARN] ModelIntegratedComponent:63 - No mode defined for component null
2026-05-12 11:26:13,510 [WARN] ModelIntegratedComponent:63 - No mode defined for component null
2026-05-12 11:26:13,510 [WARN] ModelIntegratedComponent:63 - No mode defined for component null
2026-05-12 11:26:13,511 [WARN] ModelIntegratedComponent:63 - No mode defined for component null
2026-05-12 11:26:13,511 [WARN] ModelIntegratedComponent:63 - No mode defined for component null
2026-05-12 11:26:13,511 [WARN] ModelIntegratedComponent:63 - No mode defined for component null
2026-05-12 11:26:13,511 [WARN] ModelIntegratedComponent:63 - No mode defined for component null
2026-05-12 11:26:13,511 [WARN] ModelIntegratedComponent:63 - No mode defined for component null
2026-05-12 11:26:13,511 [WARN] ModelIntegratedComponent:63 - No mode defined for component null
2026-05-12 11:26:13,511 [WARN] ModelIntegratedComponent:63 - No mode defined for component null
2026-05-12 11:26:13,511 [WARN] ModelIntegratedComponent:63 - No mode defined for component null
2026-05-12 11:26:13,511 [WARN] ModelIntegratedComponent:63 - No mode defined for component null
2026-05-12 11:26:13,511 [WARN] ModelIntegratedComponent:63 - No mode defined for component null
2026-05-12 11:26:13,511 [WARN] ModelIntegratedComponent:63 - No mode defined for component null
2026-05-12 11:26:13,511 [WARN] ModelIntegratedComponent:63 - No mode defined for component null
2026-05-12 11:26:13,511 [WARN] ModelIntegratedComponent:63 - No mode defined for component null
2026-05-12 11:26:13,511 [WARN] ModelIntegratedComponent:63 - No mode defined for component null
2026-05-12 11:26:13,511 [WARN] ModelIntegratedComponent:63 - No mode defined for component null
2026-05-12 11:26:13,512 [WARN] ModelPack:524 - Component already loaded: STMicroelectronics:HAL Drivers:0.0.0:STMicroelectronics:Device:STMicro_Driver:XSPI:HAL::0.0.1:HAL_XSPI
2026-05-12 11:26:14,053 [INFO] ThirdPartyModel:298 - Start build external matchings
2026-05-12 11:26:18,101 [INFO] ThirdPartyModel:316 - End build external matchings
2026-05-12 11:26:19,031 [INFO] ApiDb:581 - Connected to CubeFinder SQLite database (C:\Users\ADMIN\.stmcufinder\plugins\mcufinder\mcu\cube-finder-db.db)
2026-05-12 11:26:19,194 [INFO] ApiDb:668 - CubeFinder database Data Model version=2.1
2026-05-12 11:26:19,196 [INFO] ApiDb:669 - CubeFinder database Configuration version=3.0.39
2026-05-12 11:26:19,197 [INFO] ApiDb:670 - CubeFinder database generation date=2025-12-22 (1766407740)
2026-05-12 11:26:19,198 [INFO] ApiDb:671 - CubeFinder database FW Pack versions=[FP-ATR-ASTRA1_V2.0.0, FP-SNS-FLIGHT1_V5.1.0, FP-SNS-MOTENV1_V5.1.0, FP-SNS-MOTENVWB1_V1.4.0, FP-SNS-SMARTAG2_V1.2.0, FP-SNS-STBOX1_V2.1.0, STM32Cube_FW_C0_V1.4.0, STM32Cube_FW_F4_V1.28.3, STM32Cube_FW_F7_V1.17.4, STM32Cube_FW_G0_V1.6.2, STM32Cube_FW_G4_V1.6.1, STM32Cube_FW_H5_V1.5.1, STM32Cube_FW_H7RS_V1.3.0, STM32Cube_FW_H7_V1.12.1, STM32Cube_FW_L0_V1.12.2, STM32Cube_FW_L4_V1.18.1, STM32Cube_FW_L5_V1.6.0, STM32Cube_FW_N6_V1.3.0, STM32Cube_FW_U0_V1.3.0, STM32Cube_FW_U3_V1.2.1, STM32Cube_FW_U5_V1.8.0, STM32Cube_FW_WB0_V1.4.0, STM32Cube_FW_WBA_V1.8.0, STM32Cube_FW_WB_V1.24.0, STM32Cube_FW_WL3_V1.3.0, STM32Cube_FW_WL_V1.4.0, X-CUBE-ALGOBUILD_V1.4.0, X-CUBE-ALS_V1.0.2, X-CUBE-AZRTOS-F4_V1.1.0, X-CUBE-AZRTOS-F7_V1.1.0, X-CUBE-AZRTOS-G0_V1.1.0, X-CUBE-AZRTOS-G4_V2.0.0, X-CUBE-AZRTOS-H7RS_V1.1.0, X-CUBE-AZRTOS-H7_V3.4.0, X-CUBE-AZRTOS-L4_V2.0.0, X-CUBE-AZRTOS-L5_V2.0.0, X-CUBE-AZRTOS-WB_V2.0.0, X-CUBE-AZRTOS-WL_V2.0.0, X-CUBE-BLE1_V7.1.0, X-CUBE-BLE2_V3.3.0, X-CUBE-BLEMGR_V4.1.0, X-CUBE-EEPRMA1_V5.2.0, X-CUBE-FREERTOS_V1.3.1, X-CUBE-GNSS1_V6.0.0, X-CUBE-MEMS1_V12.0.0, X-CUBE-NFC4_V3.0.0, X-CUBE-NFC7_V2.0.0, X-CUBE-SFXS2LP1_V4.0.0, X-CUBE-ST67W61_V1.1.0, X-CUBE-SUBG2_V5.0.0, X-CUBE-TOF1_V3.4.3]
2026-05-12 11:26:19,431 [INFO] DbBoardsSqlite:226 - include board P-NUCLEO-WB55-NUCLEO as a kit item of type 'Nucleo-64'
2026-05-12 11:26:19,431 [INFO] DbBoardsSqlite:226 - include board P-NUCLEO-WB55-USBDONGLE as a kit item of type 'Nucleo USB Dongle'
2026-05-12 11:26:19,435 [INFO] DbBoardsSqlite:226 - include board STEVAL-IDP005V1 as a kit item of type 'Evaluation Board'
2026-05-12 11:26:19,437 [INFO] DbBoardsSqlite:226 - include board STEVAL-IDP005V2 as a kit item of type 'Evaluation Board'
2026-05-12 11:26:19,939 [INFO] ApiDb:240 - Found 880 in-development CPN: [B-G473E-ZEST1S, B-WB1M-WPAN1, B-WBA5M-WPAN, B-WL5M-SUBG1, NUCLEO-C031C6, NUCLEO-C051C8, NUCLEO-C071RB, NUCLEO-C092RC, NUCLEO-H503RB, NUCLEO-H533RE, NUCLEO-H563ZI, NUCLEO-H7S3L8, NUCLEO-N657X0-Q, NUCLEO-U031R8, NUCLEO-U083RC, NUCLEO-U385RG-Q, NUCLEO-U545RE-Q, NUCLEO-U5A5ZJ-Q, NUCLEO-WB05KZ, NUCLEO-WB07CC, NUCLEO-WB09KE, NUCLEO-WBA52CG, NUCLEO-WBA55CG, NUCLEO-WL33CC1, NUCLEO-WL33CC2, STEVAL-PROTEUS1, STEVAL-SMARTAG2, STEVAL-STWINBX1, STM320518-EVAL, STM32C0116-DK, STM32C011D6Y3TR, STM32C011D6Y6TR, STM32C011F4P3, STM32C011F4P6, STM32C011F4U3, STM32C011F4U6TR, STM32C011F6P3, STM32C011F6P6, STM32C011F6U3, STM32C011F6U6TR, STM32C011J4M3, STM32C011J4M6, STM32C011J6M3, STM32C011J6M6, STM32C0316-DK, STM32C031C4T3, STM32C031C4T6, STM32C031C4U3, STM32C031C4U6, STM32C031C6T3, STM32C031C6T6, STM32C031C6U3, STM32C031C6U6, STM32C031F4P3, STM32C031F4P6, STM32C031F6P3, STM32C031F6P6, STM32C031G4U3, STM32C031G4U6, STM32C031G6U3, STM32C031G6U6, STM32C031K4T3, STM32C031K4T6, STM32C031K4U3, STM32C031K4U6, STM32C031K6T3, STM32C031K6T6, STM32C031K6U3, STM32C031K6U6, STM32C051C6T6, STM32C051C6U6, STM32C051C8T6, STM32C051C8U6, STM32C051D8Y6TR, STM32C051F6P6, STM32C051F8P6, STM32C051G6U6, STM32C051G8U6, STM32C051K6T6, STM32C051K6U6, STM32C051K8T6, STM32C071C8T6, STM32C071C8T6N, STM32C071C8U6, STM32C071C8U6N, STM32C071CBT6, STM32C071CBT6N, STM32C071CBU6, STM32C071CBU6N, STM32C071F8P6, STM32C071F8P6N, STM32C071FBP6, STM32C071FBP6N, STM32C071FBY6TR, STM32C071G8U6, STM32C071G8U6N, STM32C071GBU6, STM32C071GBU6N, STM32C071K8T6, STM32C071K8T6N, STM32C071K8U6, STM32C071K8U6N, STM32C071KBT6, STM32C071KBT6N, STM32C071KBU6, STM32C071KBU6N, STM32C071R8T6, STM32C071R8T6N, STM32C071RBI6N, STM32C071RBT6, STM32C071RBT6N, STM32C091CBT6, STM32C091CBU6, STM32C091CCT6, STM32C091CCU6, STM32C091ECY6TR, STM32C091FBP6, STM32C091FCP6, STM32C091GBU6, STM32C091GCU6, STM32C091KBT6, STM32C091KBU6, STM32C091KCT6, STM32C091KCU6, STM32C091RBT6, STM32C091RCI6, STM32C091RCT6, STM32C092CBT6, STM32C092CBU6, STM32C092CCT6, STM32C092CCU6, STM32C092ECY6TR, STM32C092FBP6, STM32C092FCP6, STM32C092GBU6, STM32C092GCU6, STM32C092KBT6, STM32C092KBU6, STM32C092KCT6, STM32C092KCU6, STM32C092RBT6, STM32C092RCI6, STM32C092RCT6, STM32G071K8TXN, STM32G071K8UXN, STM32G081GBU6N, STM32G081KBT6N, STM32G081KBUXN, STM32G0B1CCT6N, STM32G0B1KCT6, STM32G0B1NEY6TR, STM32G0B1RCT6N, STM32G0C1CCT6, STM32G0C1CCT6N, STM32G0C1CCU6N, STM32G0C1CET6N, STM32G0C1CEU6N, STM32G0C1KCT6, STM32G0C1NEY6TR, STM32G0C1RCI6N, STM32G0C1RCT6N, STM32G0C1REI6N, STM32G0C1RET6N, STM32G0C1VCI6, STM32G0C1VEI6, STM32G411C6T3, STM32G411C6T6, STM32G411C6U3, STM32G411C6U6, STM32G411C8T3, STM32G411C8T6, STM32G411C8U3, STM32G411C8U6, STM32G411CBT3, STM32G411CBT6, STM32G411CBU3, STM32G411CBU6, STM32G411K6T3, STM32G411K6T6, STM32G411K6U3, STM32G411K6U6, STM32G411K8T3, STM32G411K8T6, STM32G411K8U3, STM32G411K8U6, STM32G411KBT3, STM32G411KBT6, STM32G411KBU3, STM32G411KBU6, STM32G411M6T3, STM32G411M6T6, STM32G411M8T3, STM32G411M8T6, STM32G411MBT3, STM32G411MBT6, STM32G411R6T3, STM32G411R6T6, STM32G411R8T3, STM32G411R8T6, STM32G411RBT3, STM32G411RBT6, STM32G414CBT3, STM32G414CBT6, STM32G414CBU3, STM32G414CBU6, STM32G414CCT3, STM32G414CCT6, STM32G414CCU3, STM32G414CCU6, STM32G414MBT3, STM32G414MBT6, STM32G414MCT3, STM32G414MCT6, STM32G414RBT3, STM32G414RBT6, STM32G414RCT3, STM32G414RCT6, STM32G414VBT3, STM32G414VBT6, STM32G414VCT3, STM32G414VCT6, STM32G431CBT3Z, STM32G431RBT3Z, STM32G471CCT6, STM32G471CCU6, STM32G471CET3, STM32G471CET6, STM32G471CEU3, STM32G471CEU6, STM32G471MCT6, STM32G471MET3, STM32G471MET6, STM32G471MEY6TR, STM32G471QCT6, STM32G471QET3, STM32G471RCT6, STM32G471RET3, STM32G471RET6, STM32G471VCH6, STM32G471VCI6, STM32G471VCT6, STM32G471VEH3, STM32G471VEH6, STM32G471VEI3, STM32G471VEI6, STM32G471VET3, STM32G471VET6, STM32G473QET3Z, STM32G473RET3Z, STM32G474CCT6, STM32G491RET3Z, STM32H503CBT6, STM32H503CBU6, STM32H503EBY6TR, STM32H503KBU6, STM32H503RBT6, STM32H523CCT6, STM32H523CCU6, STM32H523CET6, STM32H523CEU6, STM32H523HEY6TR, STM32H523RCT6, STM32H523RET6, STM32H523VCI6, STM32H523VCT6, STM32H523VEI6, STM32H523VET6, STM32H523ZCJ6, STM32H523ZCT6, STM32H523ZEJ6, STM32H523ZET6, STM32H533CET6, STM32H533CEU6, STM32H533HEY6TR, STM32H533RET6, STM32H533VEI6, STM32H533VET6, STM32H533ZEJ6, STM32H533ZET6, STM32H562AGI6, STM32H562AII6, STM32H562IGK6, STM32H562IGT6, STM32H562IIK6, STM32H562IIT6, STM32H562RGT6, STM32H562RGV6, STM32H562RIT6, STM32H562RIV6, STM32H562VGT6, STM32H562VIT6, STM32H562ZGT6, STM32H562ZIT6, STM32H563AGI6, STM32H563AII3Q, STM32H563AII6, STM32H563IGK6, STM32H563IGT6, STM32H563IIK3Q, STM32H563IIK6, STM32H563IIT3Q, STM32H563IIT6, STM32H563MIY3QTR, STM32H563RGT6, STM32H563RGV6, STM32H563RIT6, STM32H563RIV6, STM32H563VGT6, STM32H563VIT3Q, STM32H563VIT6, STM32H563ZGT6, STM32H563ZIT3Q, STM32H563ZIT6, STM32H573AII3Q, STM32H573AII6, STM32H573I-DK, STM32H573IIK3Q, STM32H573IIK6, STM32H573IIT3Q, STM32H573IIT6, STM32H573MIY3QTR, STM32H573RIT6, STM32H573RIV6, STM32H573VIT3Q, STM32H573VIT6, STM32H573ZIT3Q, STM32H573ZIT6, STM32H7R3A8I6, STM32H7R3I8K6, STM32H7R3I8T6, STM32H7R3L8H6, STM32H7R3L8H6H, STM32H7R3R8V6, STM32H7R3V8H6, STM32H7R3V8T6, STM32H7R3V8Y6TR, STM32H7R3Z8J6, STM32H7R3Z8T6, STM32H7R7A8I6, STM32H7R7I8K6, STM32H7R7I8T6, STM32H7R7L8H6, STM32H7R7L8H6H, STM32H7R7Z8J6, STM32H7S3A8I6, STM32H7S3I8K6, STM32H7S3I8T6, STM32H7S3L8H6, STM32H7S3L8H6H, STM32H7S3R8V6, STM32H7S3V8H6, STM32H7S3V8T6, STM32H7S3V8Y6TR, STM32H7S3Z8J6, STM32H7S3Z8T6, STM32H7S78-DK, STM32H7S7A8I6, STM32H7S7I8K6, STM32H7S7I8T6, STM32H7S7L8H6, STM32H7S7L8H6H, STM32H7S7Z8J6, STM32L4R5QGI6STR, STM32MP131AAE3, STM32MP131AAF3, STM32MP131AAG3, STM32MP131CAE3, STM32MP131CAF3, STM32MP131CAG3, STM32MP131DAE7, STM32MP131DAF7, STM32MP131DAG7, STM32MP131FAE7, STM32MP131FAF7, STM32MP131FAG7, STM32MP133AAE3, STM32MP133AAF3, STM32MP133AAG3, STM32MP133CAE3, STM32MP133CAF3, STM32MP133CAG3, STM32MP133DAE7, STM32MP133DAF7, STM32MP133DAG7, STM32MP133FAE7, STM32MP133FAF7, STM32MP133FAG7, STM32MP135AAE3, STM32MP135AAF3, STM32MP135AAG3, STM32MP135CAE3, STM32MP135CAF3, STM32MP135CAG3, STM32MP135DAE7, STM32MP135DAF7, STM32MP135DAG7, STM32MP135F-DK, STM32MP135FAE7, STM32MP135FAF7, STM32MP135FAF7T, STM32MP135FAF7U, STM32MP135FAG7, STM32MP211AAL3, STM32MP211AAM3, STM32MP211AAN3, STM32MP211AAO3, STM32MP211CAL3, STM32MP211CAM3, STM32MP211CAN3, STM32MP211CAO3, STM32MP211DAL3, STM32MP211DAM3, STM32MP211DAN3, STM32MP211DAO3, STM32MP211FAL3, STM32MP211FAM3, STM32MP211FAN3, STM32MP211FAO3, STM32MP213AAL3, STM32MP213AAM3, STM32MP213AAN3, STM32MP213AAO3, STM32MP213CAL3, STM32MP213CAM3, STM32MP213CAN3, STM32MP213CAO3, STM32MP213DAL3, STM32MP213DAM3, STM32MP213DAN3, STM32MP213DAO3, STM32MP213FAL3, STM32MP213FAM3, STM32MP213FAN3, STM32MP213FAO3, STM32MP215AAL3, STM32MP215AAM3, STM32MP215AAN3, STM32MP215AAO3, STM32MP215CAL3, STM32MP215CAM3, STM32MP215CAN3, STM32MP215CAO3, STM32MP215DAL3, STM32MP215DAM3, STM32MP215DAN3, STM32MP215DAO3, STM32MP215F-DK, STM32MP215FAL3, STM32MP215FAM3, STM32MP215FAN3, STM32MP215FAO3, STM32MP231AAJ3, STM32MP231AAK3, STM32MP231AAL3, STM32MP231CAJ3, STM32MP231CAK3, STM32MP231CAL3, STM32MP231DAJ3, STM32MP231DAK3, STM32MP231DAL3, STM32MP231FAJ3, STM32MP231FAK3, STM32MP231FAL3, STM32MP233AAJ3, STM32MP233AAK3, STM32MP233AAL3, STM32MP233CAJ3, STM32MP233CAK3, STM32MP233CAL3, STM32MP233DAJ3, STM32MP233DAK3, STM32MP233DAL3, STM32MP233FAJ3, STM32MP233FAK3, STM32MP233FAL3, STM32MP235AAJ3, STM32MP235AAK3, STM32MP235AAL3, STM32MP235CAJ3, STM32MP235CAK3, STM32MP235CAL3, STM32MP235DAJ3, STM32MP235DAK3, STM32MP235DAL3, STM32MP235FAJ3, STM32MP235FAK3, STM32MP235FAL3, STM32MP251AAI3, STM32MP251AAK3, STM32MP251AAL3, STM32MP251CAI3, STM32MP251CAK3, STM32MP251CAL3, STM32MP251DAI3, STM32MP251DAK3, STM32MP251DAL3, STM32MP251FAI3, STM32MP251FAK3, STM32MP251FAL3, STM32MP253AAI3, STM32MP253AAK3, STM32MP253AAL3, STM32MP253CAI3, STM32MP253CAK3, STM32MP253CAL3, STM32MP253DAI3, STM32MP253DAK3, STM32MP253DAL3, STM32MP253FAI3, STM32MP253FAK3, STM32MP253FAL3, STM32MP255AAI3, STM32MP255AAK3, STM32MP255AAL3, STM32MP255CAI3, STM32MP255CAK3, STM32MP255CAL3, STM32MP255DAI3, STM32MP255DAK3, STM32MP255DAL3, STM32MP255FAI3, STM32MP255FAK3, STM32MP255FAL3, STM32MP257AAI3, STM32MP257AAK3, STM32MP257AAL3, STM32MP257CAI3, STM32MP257CAK3, STM32MP257CAL3, STM32MP257DAI3, STM32MP257DAK3, STM32MP257DAL3, STM32MP257F-DK, STM32MP257F-EV1, STM32MP257FAI3, STM32MP257FAK3, STM32MP257FAL3, STM32N645A0H3Q, STM32N645B0H3Q, STM32N645I0H3Q, STM32N645L0H3Q, STM32N645X0H3Q, STM32N645Z0H3Q, STM32N647A0H3Q, STM32N647B0H3Q, STM32N647I0H3Q, STM32N647L0H3Q, STM32N647X0H3Q, STM32N647Z0H3Q, STM32N655A0H3Q, STM32N655B0H3Q, STM32N655I0H3Q, STM32N655L0H3Q, STM32N655X0H3Q, STM32N655Z0H3Q, STM32N6570-DK, STM32N657A0H3Q, STM32N657B0H3Q, STM32N657I0H3Q, STM32N657L0H3Q, STM32N657X0H3Q, STM32N657Z0H3Q, STM32U031C6T6, STM32U031C6U6, STM32U031C8T6, STM32U031C8U6, STM32U031F4P6, STM32U031F6P6, STM32U031F8P6, STM32U031G6Y6TR, STM32U031G8Y6TR, STM32U031K4U6, STM32U031K6U6, STM32U031K8U6, STM32U031R6I6, STM32U031R6T6, STM32U031R8I6, STM32U031R8T6, STM32U073C8T6, STM32U073C8U6, STM32U073CBT6, STM32U073CBU6, STM32U073CCT6, STM32U073CCU6, STM32U073H8Y6TR, STM32U073HBY6TR, STM32U073HCY6TR, STM32U073K8U6, STM32U073KBU6, STM32U073KCU6, STM32U073M8I6, STM32U073M8T6, STM32U073MBI6, STM32U073MBT6, STM32U073MCI6, STM32U073MCT6, STM32U073R8I6, STM32U073R8T6, STM32U073RBI6, STM32U073RBT6, STM32U073RCI6, STM32U073RCT6, STM32U083C-DK, STM32U083CCT6, STM32U083CCU6, STM32U083HCY6TR, STM32U083KCU6, STM32U083MCI6, STM32U083MCT6, STM32U083RCI6, STM32U083RCT6, STM32U375CET6, STM32U375CET6Q, STM32U375CEU6, STM32U375CEU6Q, STM32U375CEY6QTR, STM32U375CGT6, STM32U375CGT6Q, STM32U375CGU6, STM32U375CGU6Q, STM32U375CGY6QTR, STM32U375KEU6, STM32U375KGU6, STM32U375REI6, STM32U375REI6Q, STM32U375RET6, STM32U375RET6Q, STM32U375REY6GTR, STM32U375REY6QTR, STM32U375RGI6, STM32U375RGI6Q, STM32U375RGT6, STM32U375RGT6Q, STM32U375RGY6GTR, STM32U375RGY6QTR, STM32U375VEI6, STM32U375VEI6Q, STM32U375VET6, STM32U375VET6Q, STM32U375VGI6, STM32U375VGI6Q, STM32U375VGT6, STM32U375VGT6Q, STM32U385CGT6, STM32U385CGT6Q, STM32U385CGU6, STM32U385CGU6Q, STM32U385CGY6QTR, STM32U385KGU6, STM32U385RGI6, STM32U385RGI6Q, STM32U385RGT6, STM32U385RGT6Q, STM32U385RGY6GTR, STM32U385RGY6QTR, STM32U385VGI6, STM32U385VGI6Q, STM32U385VGT6, STM32U385VGT6Q, STM32U535CBT6, STM32U535CBT6Q, STM32U535CBU6, STM32U535CBU6Q, STM32U535CCT6, STM32U535CCT6Q, STM32U535CCU6, STM32U535CCU6Q, STM32U535CET6, STM32U535CET6Q, STM32U535CEU6, STM32U535CEU6Q, STM32U535JEY6QTR, STM32U535NCY6QTR, STM32U535NEY6QTR, STM32U535RBI6, STM32U535RBI6Q, STM32U535RBT6, STM32U535RBT6Q, STM32U535RCI6, STM32U535RCI6Q, STM32U535RCT6, STM32U535RCT6Q, STM32U535REI6, STM32U535REI6Q, STM32U535RET6, STM32U535RET6Q, STM32U535VCI6, STM32U535VCI6Q, STM32U535VCT6, STM32U535VCT6Q, STM32U535VEI6, STM32U535VEI6Q, STM32U535VET6, STM32U535VET6Q, STM32U545CET6, STM32U545CET6Q, STM32U545CEU6, STM32U545CEU6Q, STM32U545JEY6QTR, STM32U545NEY6QTR, STM32U545REI6, STM32U545REI6Q, STM32U545RET6, STM32U545RET6Q, STM32U545VEI6, STM32U545VEI6Q, STM32U545VET6, STM32U545VET6Q, STM32U595AIH6, STM32U595AIH6Q, STM32U595AJH6, STM32U595AJH6Q, STM32U595QII6, STM32U595QII6Q, STM32U595QJI6, STM32U595QJI6Q, STM32U595RIT6, STM32U595RIT6Q, STM32U595RJT6, STM32U595RJT6Q, STM32U595VIT6, STM32U595VIT6Q, STM32U595VJT6, STM32U595VJT6Q, STM32U595ZIT6, STM32U595ZIT6Q, STM32U595ZIY6QTR, STM32U595ZJT6, STM32U595ZJT6Q, STM32U595ZJY6QTR, STM32U599BJY6QTR, STM32U599NIH6Q, STM32U599NJH6Q, STM32U599VIT6Q, STM32U599VJT6, STM32U599VJT6Q, STM32U599ZIT6Q, STM32U599ZIY6QTR, STM32U599ZJT6Q, STM32U599ZJY6QTR, STM32U5A5AJH6, STM32U5A5AJH6Q, STM32U5A5QII3Q , STM32U5A5QJI6, STM32U5A5QJI6Q, STM32U5A5RJT6, STM32U5A5RJT6Q, STM32U5A5VJT6, STM32U5A5VJT6Q, STM32U5A5ZJT6, STM32U5A5ZJT6Q, STM32U5A5ZJY6QTR, STM32U5A9BJY6QTR, STM32U5A9J-DK, STM32U5A9NJH6Q, STM32U5A9VJT6Q, STM32U5A9ZJT6Q, STM32U5A9ZJY6QTR, STM32U5F7VIT6, STM32U5F7VIT6Q, STM32U5F7VJT6, STM32U5F7VJT6Q, STM32U5F9BJY6QTR, STM32U5F9NJH6Q, STM32U5F9VIT6Q, STM32U5F9VJT6Q, STM32U5F9ZIJ6QTR, STM32U5F9ZIT6Q, STM32U5F9ZJJ6QTR, STM32U5F9ZJT6Q, STM32U5G7VJT6, STM32U5G7VJT6Q, STM32U5G9BJY6QTR, STM32U5G9J-DK1, STM32U5G9J-DK2, STM32U5G9NJH6Q, STM32U5G9VJT6Q, STM32U5G9ZJJ6QTR, STM32U5G9ZJT6Q, STM32WB05KZV6TR, STM32WB05KZV7TR, STM32WB05TZF6TR, STM32WB05TZF7TR, STM32WB06CCF6TR, STM32WB06CCF7TR, STM32WB06CCV6TR, STM32WB06CCV7TR, STM32WB06KCV6TR, STM32WB06KCV7TR, STM32WB07CCF6TR, STM32WB07CCF7TR, STM32WB07CCV6TR, STM32WB07CCV7TR, STM32WB07KCV6TR, STM32WB07KCV7TR, STM32WB09KEV6TR, STM32WB09KEV7TR, STM32WB09TEF6TR, STM32WB09TEF7TR, STM32WB1MMCH6, STM32WBA50KGU6, STM32WBA50KGU6TR, STM32WBA52CEU6, STM32WBA52CEU6TR, STM32WBA52CEU7, STM32WBA52CEU7TR, STM32WBA52CGU6, STM32WBA52CGU6TR, STM32WBA52CGU6U, STM32WBA52CGU7, STM32WBA52CGU7TR, STM32WBA52KEU6, STM32WBA52KEU6TR, STM32WBA52KGU6, STM32WBA52KGU6TR, STM32WBA54CEU6, STM32WBA54CEU6TR, STM32WBA54CEU7, STM32WBA54CEU7TR, STM32WBA54CGU6, STM32WBA54CGU6TR, STM32WBA54CGU7, STM32WBA54CGU7TR, STM32WBA54KEU6, STM32WBA54KEU6TR, STM32WBA54KEU7, STM32WBA54KEU7TR, STM32WBA54KGU6, STM32WBA54KGU6TR, STM32WBA54KGU7, STM32WBA54KGU7TR, STM32WBA55CEU6, STM32WBA55CEU6TR, STM32WBA55CEU7, STM32WBA55CEU7TR, STM32WBA55CGU6, STM32WBA55CGU6TR, STM32WBA55CGU6U, STM32WBA55CGU7, STM32WBA55CGU7TR, STM32WBA55G-DK1, STM32WBA55HEF6, STM32WBA55HEF7, STM32WBA55HGF6, STM32WBA55HGF7, STM32WBA55UEI6, STM32WBA55UEI6TR, STM32WBA55UEI7, STM32WBA55UEI7TR, STM32WBA55UGI6, STM32WBA55UGI6TR, STM32WBA55UGI7, STM32WBA55UGI7TR, STM32WBA5MMGH6TR, STM32WBA62MGF6, STM32WBA62MIF6, STM32WBA65MGF7, STM32WBA65MIF6, STM32WBA65MIF7, STM32WL30K8V6, STM32WL30KBV6, STM32WL31C8V6, STM32WL31CBV6, STM32WL31K8V6, STM32WL31KBV6, STM32WL33C8V6, STM32WL33C8V6X, STM32WL33CBV6, STM32WL33CBV6X, STM32WL33CCV6, STM32WL33CCV6A, STM32WL33CCV6X, STM32WL33K8V7, STM32WL33K8V7X, STM32WL33KBV7 , STM32WL33KBV7X, STM32WL33KCV7, STM32WL33KCV7X, STM32WL5MOCH6, STM32WL5MOCH6TR]
2026-05-12 11:26:19,945 [INFO] ApiDb:668 - CubeFinder database Data Model version=2.1
2026-05-12 11:26:19,945 [INFO] ApiDb:669 - CubeFinder database Configuration version=3.0.39
2026-05-12 11:26:19,945 [INFO] ApiDb:670 - CubeFinder database generation date=2025-12-22 (1766407740)
2026-05-12 11:26:19,946 [INFO] ApiDb:671 - CubeFinder database FW Pack versions=[FP-ATR-ASTRA1_V2.0.0, FP-SNS-FLIGHT1_V5.1.0, FP-SNS-MOTENV1_V5.1.0, FP-SNS-MOTENVWB1_V1.4.0, FP-SNS-SMARTAG2_V1.2.0, FP-SNS-STBOX1_V2.1.0, STM32Cube_FW_C0_V1.4.0, STM32Cube_FW_F4_V1.28.3, STM32Cube_FW_F7_V1.17.4, STM32Cube_FW_G0_V1.6.2, STM32Cube_FW_G4_V1.6.1, STM32Cube_FW_H5_V1.5.1, STM32Cube_FW_H7RS_V1.3.0, STM32Cube_FW_H7_V1.12.1, STM32Cube_FW_L0_V1.12.2, STM32Cube_FW_L4_V1.18.1, STM32Cube_FW_L5_V1.6.0, STM32Cube_FW_N6_V1.3.0, STM32Cube_FW_U0_V1.3.0, STM32Cube_FW_U3_V1.2.1, STM32Cube_FW_U5_V1.8.0, STM32Cube_FW_WB0_V1.4.0, STM32Cube_FW_WBA_V1.8.0, STM32Cube_FW_WB_V1.24.0, STM32Cube_FW_WL3_V1.3.0, STM32Cube_FW_WL_V1.4.0, X-CUBE-ALGOBUILD_V1.4.0, X-CUBE-ALS_V1.0.2, X-CUBE-AZRTOS-F4_V1.1.0, X-CUBE-AZRTOS-F7_V1.1.0, X-CUBE-AZRTOS-G0_V1.1.0, X-CUBE-AZRTOS-G4_V2.0.0, X-CUBE-AZRTOS-H7RS_V1.1.0, X-CUBE-AZRTOS-H7_V3.4.0, X-CUBE-AZRTOS-L4_V2.0.0, X-CUBE-AZRTOS-L5_V2.0.0, X-CUBE-AZRTOS-WB_V2.0.0, X-CUBE-AZRTOS-WL_V2.0.0, X-CUBE-BLE1_V7.1.0, X-CUBE-BLE2_V3.3.0, X-CUBE-BLEMGR_V4.1.0, X-CUBE-EEPRMA1_V5.2.0, X-CUBE-FREERTOS_V1.3.1, X-CUBE-GNSS1_V6.0.0, X-CUBE-MEMS1_V12.0.0, X-CUBE-NFC4_V3.0.0, X-CUBE-NFC7_V2.0.0, X-CUBE-SFXS2LP1_V4.0.0, X-CUBE-ST67W61_V1.1.0, X-CUBE-SUBG2_V5.0.0, X-CUBE-TOF1_V3.4.3]
2026-05-12 11:26:22,386 [INFO] ApiDb:240 - Found 880 in-development CPN: [B-G473E-ZEST1S, B-WB1M-WPAN1, B-WBA5M-WPAN, B-WL5M-SUBG1, NUCLEO-C031C6, NUCLEO-C051C8, NUCLEO-C071RB, NUCLEO-C092RC, NUCLEO-H503RB, NUCLEO-H533RE, NUCLEO-H563ZI, NUCLEO-H7S3L8, NUCLEO-N657X0-Q, NUCLEO-U031R8, NUCLEO-U083RC, NUCLEO-U385RG-Q, NUCLEO-U545RE-Q, NUCLEO-U5A5ZJ-Q, NUCLEO-WB05KZ, NUCLEO-WB07CC, NUCLEO-WB09KE, NUCLEO-WBA52CG, NUCLEO-WBA55CG, NUCLEO-WL33CC1, NUCLEO-WL33CC2, STEVAL-PROTEUS1, STEVAL-SMARTAG2, STEVAL-STWINBX1, STM320518-EVAL, STM32C0116-DK, STM32C011D6Y3TR, STM32C011D6Y6TR, STM32C011F4P3, STM32C011F4P6, STM32C011F4U3, STM32C011F4U6TR, STM32C011F6P3, STM32C011F6P6, STM32C011F6U3, STM32C011F6U6TR, STM32C011J4M3, STM32C011J4M6, STM32C011J6M3, STM32C011J6M6, STM32C0316-DK, STM32C031C4T3, STM32C031C4T6, STM32C031C4U3, STM32C031C4U6, STM32C031C6T3, STM32C031C6T6, STM32C031C6U3, STM32C031C6U6, STM32C031F4P3, STM32C031F4P6, STM32C031F6P3, STM32C031F6P6, STM32C031G4U3, STM32C031G4U6, STM32C031G6U3, STM32C031G6U6, STM32C031K4T3, STM32C031K4T6, STM32C031K4U3, STM32C031K4U6, STM32C031K6T3, STM32C031K6T6, STM32C031K6U3, STM32C031K6U6, STM32C051C6T6, STM32C051C6U6, STM32C051C8T6, STM32C051C8U6, STM32C051D8Y6TR, STM32C051F6P6, STM32C051F8P6, STM32C051G6U6, STM32C051G8U6, STM32C051K6T6, STM32C051K6U6, STM32C051K8T6, STM32C071C8T6, STM32C071C8T6N, STM32C071C8U6, STM32C071C8U6N, STM32C071CBT6, STM32C071CBT6N, STM32C071CBU6, STM32C071CBU6N, STM32C071F8P6, STM32C071F8P6N, STM32C071FBP6, STM32C071FBP6N, STM32C071FBY6TR, STM32C071G8U6, STM32C071G8U6N, STM32C071GBU6, STM32C071GBU6N, STM32C071K8T6, STM32C071K8T6N, STM32C071K8U6, STM32C071K8U6N, STM32C071KBT6, STM32C071KBT6N, STM32C071KBU6, STM32C071KBU6N, STM32C071R8T6, STM32C071R8T6N, STM32C071RBI6N, STM32C071RBT6, STM32C071RBT6N, STM32C091CBT6, STM32C091CBU6, STM32C091CCT6, STM32C091CCU6, STM32C091ECY6TR, STM32C091FBP6, STM32C091FCP6, STM32C091GBU6, STM32C091GCU6, STM32C091KBT6, STM32C091KBU6, STM32C091KCT6, STM32C091KCU6, STM32C091RBT6, STM32C091RCI6, STM32C091RCT6, STM32C092CBT6, STM32C092CBU6, STM32C092CCT6, STM32C092CCU6, STM32C092ECY6TR, STM32C092FBP6, STM32C092FCP6, STM32C092GBU6, STM32C092GCU6, STM32C092KBT6, STM32C092KBU6, STM32C092KCT6, STM32C092KCU6, STM32C092RBT6, STM32C092RCI6, STM32C092RCT6, STM32G071K8TXN, STM32G071K8UXN, STM32G081GBU6N, STM32G081KBT6N, STM32G081KBUXN, STM32G0B1CCT6N, STM32G0B1KCT6, STM32G0B1NEY6TR, STM32G0B1RCT6N, STM32G0C1CCT6, STM32G0C1CCT6N, STM32G0C1CCU6N, STM32G0C1CET6N, STM32G0C1CEU6N, STM32G0C1KCT6, STM32G0C1NEY6TR, STM32G0C1RCI6N, STM32G0C1RCT6N, STM32G0C1REI6N, STM32G0C1RET6N, STM32G0C1VCI6, STM32G0C1VEI6, STM32G411C6T3, STM32G411C6T6, STM32G411C6U3, STM32G411C6U6, STM32G411C8T3, STM32G411C8T6, STM32G411C8U3, STM32G411C8U6, STM32G411CBT3, STM32G411CBT6, STM32G411CBU3, STM32G411CBU6, STM32G411K6T3, STM32G411K6T6, STM32G411K6U3, STM32G411K6U6, STM32G411K8T3, STM32G411K8T6, STM32G411K8U3, STM32G411K8U6, STM32G411KBT3, STM32G411KBT6, STM32G411KBU3, STM32G411KBU6, STM32G411M6T3, STM32G411M6T6, STM32G411M8T3, STM32G411M8T6, STM32G411MBT3, STM32G411MBT6, STM32G411R6T3, STM32G411R6T6, STM32G411R8T3, STM32G411R8T6, STM32G411RBT3, STM32G411RBT6, STM32G414CBT3, STM32G414CBT6, STM32G414CBU3, STM32G414CBU6, STM32G414CCT3, STM32G414CCT6, STM32G414CCU3, STM32G414CCU6, STM32G414MBT3, STM32G414MBT6, STM32G414MCT3, STM32G414MCT6, STM32G414RBT3, STM32G414RBT6, STM32G414RCT3, STM32G414RCT6, STM32G414VBT3, STM32G414VBT6, STM32G414VCT3, STM32G414VCT6, STM32G431CBT3Z, STM32G431RBT3Z, STM32G471CCT6, STM32G471CCU6, STM32G471CET3, STM32G471CET6, STM32G471CEU3, STM32G471CEU6, STM32G471MCT6, STM32G471MET3, STM32G471MET6, STM32G471MEY6TR, STM32G471QCT6, STM32G471QET3, STM32G471RCT6, STM32G471RET3, STM32G471RET6, STM32G471VCH6, STM32G471VCI6, STM32G471VCT6, STM32G471VEH3, STM32G471VEH6, STM32G471VEI3, STM32G471VEI6, STM32G471VET3, STM32G471VET6, STM32G473QET3Z, STM32G473RET3Z, STM32G474CCT6, STM32G491RET3Z, STM32H503CBT6, STM32H503CBU6, STM32H503EBY6TR, STM32H503KBU6, STM32H503RBT6, STM32H523CCT6, STM32H523CCU6, STM32H523CET6, STM32H523CEU6, STM32H523HEY6TR, STM32H523RCT6, STM32H523RET6, STM32H523VCI6, STM32H523VCT6, STM32H523VEI6, STM32H523VET6, STM32H523ZCJ6, STM32H523ZCT6, STM32H523ZEJ6, STM32H523ZET6, STM32H533CET6, STM32H533CEU6, STM32H533HEY6TR, STM32H533RET6, STM32H533VEI6, STM32H533VET6, STM32H533ZEJ6, STM32H533ZET6, STM32H562AGI6, STM32H562AII6, STM32H562IGK6, STM32H562IGT6, STM32H562IIK6, STM32H562IIT6, STM32H562RGT6, STM32H562RGV6, STM32H562RIT6, STM32H562RIV6, STM32H562VGT6, STM32H562VIT6, STM32H562ZGT6, STM32H562ZIT6, STM32H563AGI6, STM32H563AII3Q, STM32H563AII6, STM32H563IGK6, STM32H563IGT6, STM32H563IIK3Q, STM32H563IIK6, STM32H563IIT3Q, STM32H563IIT6, STM32H563MIY3QTR, STM32H563RGT6, STM32H563RGV6, STM32H563RIT6, STM32H563RIV6, STM32H563VGT6, STM32H563VIT3Q, STM32H563VIT6, STM32H563ZGT6, STM32H563ZIT3Q, STM32H563ZIT6, STM32H573AII3Q, STM32H573AII6, STM32H573I-DK, STM32H573IIK3Q, STM32H573IIK6, STM32H573IIT3Q, STM32H573IIT6, STM32H573MIY3QTR, STM32H573RIT6, STM32H573RIV6, STM32H573VIT3Q, STM32H573VIT6, STM32H573ZIT3Q, STM32H573ZIT6, STM32H7R3A8I6, STM32H7R3I8K6, STM32H7R3I8T6, STM32H7R3L8H6, STM32H7R3L8H6H, STM32H7R3R8V6, STM32H7R3V8H6, STM32H7R3V8T6, STM32H7R3V8Y6TR, STM32H7R3Z8J6, STM32H7R3Z8T6, STM32H7R7A8I6, STM32H7R7I8K6, STM32H7R7I8T6, STM32H7R7L8H6, STM32H7R7L8H6H, STM32H7R7Z8J6, STM32H7S3A8I6, STM32H7S3I8K6, STM32H7S3I8T6, STM32H7S3L8H6, STM32H7S3L8H6H, STM32H7S3R8V6, STM32H7S3V8H6, STM32H7S3V8T6, STM32H7S3V8Y6TR, STM32H7S3Z8J6, STM32H7S3Z8T6, STM32H7S78-DK, STM32H7S7A8I6, STM32H7S7I8K6, STM32H7S7I8T6, STM32H7S7L8H6, STM32H7S7L8H6H, STM32H7S7Z8J6, STM32L4R5QGI6STR, STM32MP131AAE3, STM32MP131AAF3, STM32MP131AAG3, STM32MP131CAE3, STM32MP131CAF3, STM32MP131CAG3, STM32MP131DAE7, STM32MP131DAF7, STM32MP131DAG7, STM32MP131FAE7, STM32MP131FAF7, STM32MP131FAG7, STM32MP133AAE3, STM32MP133AAF3, STM32MP133AAG3, STM32MP133CAE3, STM32MP133CAF3, STM32MP133CAG3, STM32MP133DAE7, STM32MP133DAF7, STM32MP133DAG7, STM32MP133FAE7, STM32MP133FAF7, STM32MP133FAG7, STM32MP135AAE3, STM32MP135AAF3, STM32MP135AAG3, STM32MP135CAE3, STM32MP135CAF3, STM32MP135CAG3, STM32MP135DAE7, STM32MP135DAF7, STM32MP135DAG7, STM32MP135F-DK, STM32MP135FAE7, STM32MP135FAF7, STM32MP135FAF7T, STM32MP135FAF7U, STM32MP135FAG7, STM32MP211AAL3, STM32MP211AAM3, STM32MP211AAN3, STM32MP211AAO3, STM32MP211CAL3, STM32MP211CAM3, STM32MP211CAN3, STM32MP211CAO3, STM32MP211DAL3, STM32MP211DAM3, STM32MP211DAN3, STM32MP211DAO3, STM32MP211FAL3, STM32MP211FAM3, STM32MP211FAN3, STM32MP211FAO3, STM32MP213AAL3, STM32MP213AAM3, STM32MP213AAN3, STM32MP213AAO3, STM32MP213CAL3, STM32MP213CAM3, STM32MP213CAN3, STM32MP213CAO3, STM32MP213DAL3, STM32MP213DAM3, STM32MP213DAN3, STM32MP213DAO3, STM32MP213FAL3, STM32MP213FAM3, STM32MP213FAN3, STM32MP213FAO3, STM32MP215AAL3, STM32MP215AAM3, STM32MP215AAN3, STM32MP215AAO3, STM32MP215CAL3, STM32MP215CAM3, STM32MP215CAN3, STM32MP215CAO3, STM32MP215DAL3, STM32MP215DAM3, STM32MP215DAN3, STM32MP215DAO3, STM32MP215F-DK, STM32MP215FAL3, STM32MP215FAM3, STM32MP215FAN3, STM32MP215FAO3, STM32MP231AAJ3, STM32MP231AAK3, STM32MP231AAL3, STM32MP231CAJ3, STM32MP231CAK3, STM32MP231CAL3, STM32MP231DAJ3, STM32MP231DAK3, STM32MP231DAL3, STM32MP231FAJ3, STM32MP231FAK3, STM32MP231FAL3, STM32MP233AAJ3, STM32MP233AAK3, STM32MP233AAL3, STM32MP233CAJ3, STM32MP233CAK3, STM32MP233CAL3, STM32MP233DAJ3, STM32MP233DAK3, STM32MP233DAL3, STM32MP233FAJ3, STM32MP233FAK3, STM32MP233FAL3, STM32MP235AAJ3, STM32MP235AAK3, STM32MP235AAL3, STM32MP235CAJ3, STM32MP235CAK3, STM32MP235CAL3, STM32MP235DAJ3, STM32MP235DAK3, STM32MP235DAL3, STM32MP235FAJ3, STM32MP235FAK3, STM32MP235FAL3, STM32MP251AAI3, STM32MP251AAK3, STM32MP251AAL3, STM32MP251CAI3, STM32MP251CAK3, STM32MP251CAL3, STM32MP251DAI3, STM32MP251DAK3, STM32MP251DAL3, STM32MP251FAI3, STM32MP251FAK3, STM32MP251FAL3, STM32MP253AAI3, STM32MP253AAK3, STM32MP253AAL3, STM32MP253CAI3, STM32MP253CAK3, STM32MP253CAL3, STM32MP253DAI3, STM32MP253DAK3, STM32MP253DAL3, STM32MP253FAI3, STM32MP253FAK3, STM32MP253FAL3, STM32MP255AAI3, STM32MP255AAK3, STM32MP255AAL3, STM32MP255CAI3, STM32MP255CAK3, STM32MP255CAL3, STM32MP255DAI3, STM32MP255DAK3, STM32MP255DAL3, STM32MP255FAI3, STM32MP255FAK3, STM32MP255FAL3, STM32MP257AAI3, STM32MP257AAK3, STM32MP257AAL3, STM32MP257CAI3, STM32MP257CAK3, STM32MP257CAL3, STM32MP257DAI3, STM32MP257DAK3, STM32MP257DAL3, STM32MP257F-DK, STM32MP257F-EV1, STM32MP257FAI3, STM32MP257FAK3, STM32MP257FAL3, STM32N645A0H3Q, STM32N645B0H3Q, STM32N645I0H3Q, STM32N645L0H3Q, STM32N645X0H3Q, STM32N645Z0H3Q, STM32N647A0H3Q, STM32N647B0H3Q, STM32N647I0H3Q, STM32N647L0H3Q, STM32N647X0H3Q, STM32N647Z0H3Q, STM32N655A0H3Q, STM32N655B0H3Q, STM32N655I0H3Q, STM32N655L0H3Q, STM32N655X0H3Q, STM32N655Z0H3Q, STM32N6570-DK, STM32N657A0H3Q, STM32N657B0H3Q, STM32N657I0H3Q, STM32N657L0H3Q, STM32N657X0H3Q, STM32N657Z0H3Q, STM32U031C6T6, STM32U031C6U6, STM32U031C8T6, STM32U031C8U6, STM32U031F4P6, STM32U031F6P6, STM32U031F8P6, STM32U031G6Y6TR, STM32U031G8Y6TR, STM32U031K4U6, STM32U031K6U6, STM32U031K8U6, STM32U031R6I6, STM32U031R6T6, STM32U031R8I6, STM32U031R8T6, STM32U073C8T6, STM32U073C8U6, STM32U073CBT6, STM32U073CBU6, STM32U073CCT6, STM32U073CCU6, STM32U073H8Y6TR, STM32U073HBY6TR, STM32U073HCY6TR, STM32U073K8U6, STM32U073KBU6, STM32U073KCU6, STM32U073M8I6, STM32U073M8T6, STM32U073MBI6, STM32U073MBT6, STM32U073MCI6, STM32U073MCT6, STM32U073R8I6, STM32U073R8T6, STM32U073RBI6, STM32U073RBT6, STM32U073RCI6, STM32U073RCT6, STM32U083C-DK, STM32U083CCT6, STM32U083CCU6, STM32U083HCY6TR, STM32U083KCU6, STM32U083MCI6, STM32U083MCT6, STM32U083RCI6, STM32U083RCT6, STM32U375CET6, STM32U375CET6Q, STM32U375CEU6, STM32U375CEU6Q, STM32U375CEY6QTR, STM32U375CGT6, STM32U375CGT6Q, STM32U375CGU6, STM32U375CGU6Q, STM32U375CGY6QTR, STM32U375KEU6, STM32U375KGU6, STM32U375REI6, STM32U375REI6Q, STM32U375RET6, STM32U375RET6Q, STM32U375REY6GTR, STM32U375REY6QTR, STM32U375RGI6, STM32U375RGI6Q, STM32U375RGT6, STM32U375RGT6Q, STM32U375RGY6GTR, STM32U375RGY6QTR, STM32U375VEI6, STM32U375VEI6Q, STM32U375VET6, STM32U375VET6Q, STM32U375VGI6, STM32U375VGI6Q, STM32U375VGT6, STM32U375VGT6Q, STM32U385CGT6, STM32U385CGT6Q, STM32U385CGU6, STM32U385CGU6Q, STM32U385CGY6QTR, STM32U385KGU6, STM32U385RGI6, STM32U385RGI6Q, STM32U385RGT6, STM32U385RGT6Q, STM32U385RGY6GTR, STM32U385RGY6QTR, STM32U385VGI6, STM32U385VGI6Q, STM32U385VGT6, STM32U385VGT6Q, STM32U535CBT6, STM32U535CBT6Q, STM32U535CBU6, STM32U535CBU6Q, STM32U535CCT6, STM32U535CCT6Q, STM32U535CCU6, STM32U535CCU6Q, STM32U535CET6, STM32U535CET6Q, STM32U535CEU6, STM32U535CEU6Q, STM32U535JEY6QTR, STM32U535NCY6QTR, STM32U535NEY6QTR, STM32U535RBI6, STM32U535RBI6Q, STM32U535RBT6, STM32U535RBT6Q, STM32U535RCI6, STM32U535RCI6Q, STM32U535RCT6, STM32U535RCT6Q, STM32U535REI6, STM32U535REI6Q, STM32U535RET6, STM32U535RET6Q, STM32U535VCI6, STM32U535VCI6Q, STM32U535VCT6, STM32U535VCT6Q, STM32U535VEI6, STM32U535VEI6Q, STM32U535VET6, STM32U535VET6Q, STM32U545CET6, STM32U545CET6Q, STM32U545CEU6, STM32U545CEU6Q, STM32U545JEY6QTR, STM32U545NEY6QTR, STM32U545REI6, STM32U545REI6Q, STM32U545RET6, STM32U545RET6Q, STM32U545VEI6, STM32U545VEI6Q, STM32U545VET6, STM32U545VET6Q, STM32U595AIH6, STM32U595AIH6Q, STM32U595AJH6, STM32U595AJH6Q, STM32U595QII6, STM32U595QII6Q, STM32U595QJI6, STM32U595QJI6Q, STM32U595RIT6, STM32U595RIT6Q, STM32U595RJT6, STM32U595RJT6Q, STM32U595VIT6, STM32U595VIT6Q, STM32U595VJT6, STM32U595VJT6Q, STM32U595ZIT6, STM32U595ZIT6Q, STM32U595ZIY6QTR, STM32U595ZJT6, STM32U595ZJT6Q, STM32U595ZJY6QTR, STM32U599BJY6QTR, STM32U599NIH6Q, STM32U599NJH6Q, STM32U599VIT6Q, STM32U599VJT6, STM32U599VJT6Q, STM32U599ZIT6Q, STM32U599ZIY6QTR, STM32U599ZJT6Q, STM32U599ZJY6QTR, STM32U5A5AJH6, STM32U5A5AJH6Q, STM32U5A5QII3Q , STM32U5A5QJI6, STM32U5A5QJI6Q, STM32U5A5RJT6, STM32U5A5RJT6Q, STM32U5A5VJT6, STM32U5A5VJT6Q, STM32U5A5ZJT6, STM32U5A5ZJT6Q, STM32U5A5ZJY6QTR, STM32U5A9BJY6QTR, STM32U5A9J-DK, STM32U5A9NJH6Q, STM32U5A9VJT6Q, STM32U5A9ZJT6Q, STM32U5A9ZJY6QTR, STM32U5F7VIT6, STM32U5F7VIT6Q, STM32U5F7VJT6, STM32U5F7VJT6Q, STM32U5F9BJY6QTR, STM32U5F9NJH6Q, STM32U5F9VIT6Q, STM32U5F9VJT6Q, STM32U5F9ZIJ6QTR, STM32U5F9ZIT6Q, STM32U5F9ZJJ6QTR, STM32U5F9ZJT6Q, STM32U5G7VJT6, STM32U5G7VJT6Q, STM32U5G9BJY6QTR, STM32U5G9J-DK1, STM32U5G9J-DK2, STM32U5G9NJH6Q, STM32U5G9VJT6Q, STM32U5G9ZJJ6QTR, STM32U5G9ZJT6Q, STM32WB05KZV6TR, STM32WB05KZV7TR, STM32WB05TZF6TR, STM32WB05TZF7TR, STM32WB06CCF6TR, STM32WB06CCF7TR, STM32WB06CCV6TR, STM32WB06CCV7TR, STM32WB06KCV6TR, STM32WB06KCV7TR, STM32WB07CCF6TR, STM32WB07CCF7TR, STM32WB07CCV6TR, STM32WB07CCV7TR, STM32WB07KCV6TR, STM32WB07KCV7TR, STM32WB09KEV6TR, STM32WB09KEV7TR, STM32WB09TEF6TR, STM32WB09TEF7TR, STM32WB1MMCH6, STM32WBA50KGU6, STM32WBA50KGU6TR, STM32WBA52CEU6, STM32WBA52CEU6TR, STM32WBA52CEU7, STM32WBA52CEU7TR, STM32WBA52CGU6, STM32WBA52CGU6TR, STM32WBA52CGU6U, STM32WBA52CGU7, STM32WBA52CGU7TR, STM32WBA52KEU6, STM32WBA52KEU6TR, STM32WBA52KGU6, STM32WBA52KGU6TR, STM32WBA54CEU6, STM32WBA54CEU6TR, STM32WBA54CEU7, STM32WBA54CEU7TR, STM32WBA54CGU6, STM32WBA54CGU6TR, STM32WBA54CGU7, STM32WBA54CGU7TR, STM32WBA54KEU6, STM32WBA54KEU6TR, STM32WBA54KEU7, STM32WBA54KEU7TR, STM32WBA54KGU6, STM32WBA54KGU6TR, STM32WBA54KGU7, STM32WBA54KGU7TR, STM32WBA55CEU6, STM32WBA55CEU6TR, STM32WBA55CEU7, STM32WBA55CEU7TR, STM32WBA55CGU6, STM32WBA55CGU6TR, STM32WBA55CGU6U, STM32WBA55CGU7, STM32WBA55CGU7TR, STM32WBA55G-DK1, STM32WBA55HEF6, STM32WBA55HEF7, STM32WBA55HGF6, STM32WBA55HGF7, STM32WBA55UEI6, STM32WBA55UEI6TR, STM32WBA55UEI7, STM32WBA55UEI7TR, STM32WBA55UGI6, STM32WBA55UGI6TR, STM32WBA55UGI7, STM32WBA55UGI7TR, STM32WBA5MMGH6TR, STM32WBA62MGF6, STM32WBA62MIF6, STM32WBA65MGF7, STM32WBA65MIF6, STM32WBA65MIF7, STM32WL30K8V6, STM32WL30KBV6, STM32WL31C8V6, STM32WL31CBV6, STM32WL31K8V6, STM32WL31KBV6, STM32WL33C8V6, STM32WL33C8V6X, STM32WL33CBV6, STM32WL33CBV6X, STM32WL33CCV6, STM32WL33CCV6A, STM32WL33CCV6X, STM32WL33K8V7, STM32WL33K8V7X, STM32WL33KBV7 , STM32WL33KBV7X, STM32WL33KCV7, STM32WL33KCV7X, STM32WL5MOCH6, STM32WL5MOCH6TR]
2026-05-12 11:26:22,394 [INFO] DbMcus:218 - Found 4876 MCUs, 4876 are supported
2026-05-12 11:26:22,399 [INFO] ApiDb:423 - Load user favorites file C:\Users\ADMIN/.stm32cubeide/favorites.mcus.txt: 5 item(s)
2026-05-12 11:26:22,401 [INFO] ApiDb:427 - User favorites MCUs=[STM32F103C8T6, STM32F401CCU6, STM32F411CEU6, STM32F429VIT6, STM32H743VIT6]
2026-05-12 11:26:22,402 [INFO] DbMcus:224 - Set 5 / 5 favorites MCUs
2026-05-12 11:26:23,242 [INFO] BoardInfo:889 - No configuration file found for board P-NUCLEO-WB55
2026-05-12 11:26:23,242 [INFO] DbBoards:161 - Kit is not supported: P-NUCLEO-WB55
2026-05-12 11:26:23,244 [INFO] BoardInfo:889 - No configuration file found for board STEVAL-BFA001V1B
2026-05-12 11:26:23,246 [INFO] DbBoards:161 - Kit is not supported: STEVAL-BFA001V1B
2026-05-12 11:26:23,246 [INFO] BoardInfo:889 - No configuration file found for board STEVAL-BFA001V2B
2026-05-12 11:26:23,247 [INFO] DbBoards:161 - Kit is not supported: STEVAL-BFA001V2B
2026-05-12 11:26:23,410 [INFO] DbBoards:168 - Found 212 boards, 209 are supported
2026-05-12 11:26:23,410 [INFO] DbBoards:169 - Found 212 boards, 43 of them is supported for  Bsp
2026-05-12 11:26:23,421 [INFO] ApiDb:423 - Load user favorites file C:\Users\ADMIN/.stm32cubeide/favorites.boards.txt: 3 item(s)
2026-05-12 11:26:23,421 [INFO] ApiDb:427 - User favorites Boards=[NUCLEO-H7A3ZI-Q, STM32F407G-DISC1, STM32F429I-DISC1]
2026-05-12 11:26:23,421 [INFO] DbBoards:198 - Set 3 / 3 favorites Boards
2026-05-12 11:26:23,487 [INFO] UtilMem:75 - End LoadConfig() Used Memory: 253046248 Bytes (447741952)
2026-05-12 11:26:23,743 [WARN] ThirdParty:833 - waiting for thirdparty lock release [change project]
2026-05-12 11:26:23,744 [INFO] ThirdParty:835 - entering critical section [change project]
2026-05-12 11:26:23,744 [INFO] ThirdParty:1030 - CMSIS Pack Vendor :STMicroelectronics X-CUBE-AZRTOS-H7 3.5.0
2026-05-12 11:26:23,744 [INFO] ThirdParty:1030 - CMSIS Pack Vendor :STMicroelectronics X-CUBE-PM33A1 1.0.0
2026-05-12 11:26:23,744 [INFO] ThirdParty:1030 - CMSIS Pack Vendor :STMicroelectronics USBPD 4.1
2026-05-12 11:26:23,744 [INFO] ThirdParty:1030 - CMSIS Pack Vendor :STMicroelectronics X-CUBE-GNSS1 6.0.0
2026-05-12 11:26:23,744 [INFO] ThirdParty:1030 - CMSIS Pack Vendor :STMicroelectronics USB_HOST 2.0.0
2026-05-12 11:26:23,744 [INFO] ThirdParty:1030 - CMSIS Pack Vendor :STMicroelectronics FP-SNS-MOTENVWB1 1.4.0
2026-05-12 11:26:23,744 [INFO] ThirdParty:1030 - CMSIS Pack Vendor :STMicroelectronics X-CUBE-AZRTOS-F4 1.1.0
2026-05-12 11:26:23,744 [INFO] ThirdParty:1030 - CMSIS Pack Vendor :STMicroelectronics LIBJPEG 8.0.0
2026-05-12 11:26:23,744 [INFO] ThirdParty:1030 - CMSIS Pack Vendor :STMicroelectronics FP-ATR-ASTRA1 2.0.2
2026-05-12 11:26:23,744 [INFO] ThirdParty:1030 - CMSIS Pack Vendor :STMicroelectronics FP-ATR-ASTRA1 2.0.1
2026-05-12 11:26:23,744 [INFO] ThirdParty:1030 - CMSIS Pack Vendor :Avnet-IotConnect X-CUBE-IoTC-DA16k-PMOD 1.0.0
2026-05-12 11:26:23,744 [INFO] ThirdParty:1030 - CMSIS Pack Vendor :STMicroelectronics X-CUBE-SMBUS 2.1.0
2026-05-12 11:26:23,744 [INFO] ThirdParty:1030 - CMSIS Pack Vendor :STMicroelectronics X-CUBE-WB05N 1.1.0
2026-05-12 11:26:23,744 [INFO] ThirdParty:1030 - CMSIS Pack Vendor :STMicroelectronics X-CUBE-ISPU 2.1.0
2026-05-12 11:26:23,744 [INFO] ThirdParty:1030 - CMSIS Pack Vendor :STMicroelectronics X-CUBE-IPS 3.2.0
2026-05-12 11:26:23,744 [INFO] ThirdParty:1030 - CMSIS Pack Vendor :STMicroelectronics eDS-WB_DPC_TT-BIDIR 2.1.1
2026-05-12 11:26:23,744 [INFO] ThirdParty:1030 - CMSIS Pack Vendor :STMicroelectronics X-CUBE-FREERTOS 1.2.0
2026-05-12 11:26:23,744 [INFO] ThirdParty:1030 - CMSIS Pack Vendor :STMicroelectronics X-CUBE-ST60 1.0.0
2026-05-12 11:26:23,744 [INFO] ThirdParty:1030 - CMSIS Pack Vendor :STMicroelectronics X-CUBE-TOUCHGFX 4.23.0
2026-05-12 11:26:23,744 [INFO] ThirdParty:1030 - CMSIS Pack Vendor :STMicroelectronics X-CUBE-NFC12 1.0.0
2026-05-12 11:26:23,744 [INFO] ThirdParty:1030 - CMSIS Pack Vendor :STMicroelectronics X-CUBE-TOUCHGFX 4.23.2
2026-05-12 11:26:23,744 [INFO] ThirdParty:1030 - CMSIS Pack Vendor :STMicroelectronics X-CUBE-AZRTOS-F7 1.1.0
2026-05-12 11:26:23,744 [INFO] ThirdParty:1030 - CMSIS Pack Vendor :STMicroelectronics X-CUBE-AZRTOS-L5 2.0.0
2026-05-12 11:26:23,744 [INFO] ThirdParty:1030 - CMSIS Pack Vendor :STMicroelectronics USB_DEVICE 2.0.0
2026-05-12 11:26:23,744 [INFO] ThirdParty:1030 - CMSIS Pack Vendor :STMicroelectronics X-CUBE-MEMS1 9.6.0
2026-05-12 11:26:23,744 [INFO] ThirdParty:1030 - CMSIS Pack Vendor :STMicroelectronics X-CUBE-EEPRMA1 4.2.0
2026-05-12 11:26:23,744 [INFO] ThirdParty:1030 - CMSIS Pack Vendor :STMicroelectronics X-CUBE-NFC6 3.1.0
2026-05-12 11:26:23,744 [INFO] ThirdParty:1030 - CMSIS Pack Vendor :ITTIA_DB I-CUBE-ITTIADB 8.8.0
2026-05-12 11:26:23,744 [INFO] ThirdParty:1030 - CMSIS Pack Vendor :STMicroelectronics FP-SNS-MOTENV1 4.3.2
2026-05-12 11:26:23,744 [INFO] ThirdParty:1030 - CMSIS Pack Vendor :STMicroelectronics X-CUBE-MEMS1 11.0.0
2026-05-12 11:26:23,744 [INFO] ThirdParty:1030 - CMSIS Pack Vendor :STMicroelectronics FP-SNS-MOTENV1 5.1.0
2026-05-12 11:26:23,744 [INFO] ThirdParty:1030 - CMSIS Pack Vendor :STMicroelectronics FreeRTOS 0.0.1
2026-05-12 11:26:23,744 [INFO] ThirdParty:1030 - CMSIS Pack Vendor :STMicroelectronics X-CUBE-BLEMGR 2.0.0
2026-05-12 11:26:23,744 [INFO] ThirdParty:1030 - CMSIS Pack Vendor :STMicroelectronics X-CUBE-DPower 1.2.0
2026-05-12 11:26:23,744 [INFO] ThirdParty:1030 - CMSIS Pack Vendor :STMicroelectronics eDS-WB_DPC_VIENNA 1.2.0
2026-05-12 11:26:23,744 [INFO] ThirdParty:1030 - CMSIS Pack Vendor :STMicroelectronics FP-SNS-FLIGHT1 5.0.2
2026-05-12 11:26:23,744 [INFO] ThirdParty:1030 - CMSIS Pack Vendor :STMicroelectronics eDS-WB_DPC_3PH2L-BIDIR 1.1.1
2026-05-12 11:26:23,745 [INFO] ThirdParty:1030 - CMSIS Pack Vendor :STMicroelectronics X-CUBE-AI 9.0.0
2026-05-12 11:26:23,745 [INFO] ThirdParty:1030 - CMSIS Pack Vendor :STMicroelectronics X-CUBE-AZRTOS-H7 3.1.0
2026-05-12 11:26:23,745 [INFO] ThirdParty:1030 - CMSIS Pack Vendor :STMicroelectronics PDM2PCM 3.3.0
2026-05-12 11:26:23,745 [INFO] ThirdParty:1030 - CMSIS Pack Vendor :STMicroelectronics X-CUBE-AZRTOS-H7 3.4.0
2026-05-12 11:26:23,745 [INFO] ThirdParty:1030 - CMSIS Pack Vendor :STMicroelectronics X-CUBE-DISPLAY 3.0.0
2026-05-12 11:26:23,745 [INFO] ThirdParty:1030 - CMSIS Pack Vendor :STMicroelectronics FP-SNS-MOTENVWB1 1.5.0
2026-05-12 11:26:23,745 [INFO] ThirdParty:1030 - CMSIS Pack Vendor :STMicroelectronics X-CUBE-BLE1 7.0.0
2026-05-12 11:26:23,745 [INFO] ThirdParty:1030 - CMSIS Pack Vendor :STMicroelectronics X-CUBE-NFC10 1.0.0
2026-05-12 11:26:23,745 [INFO] ThirdParty:1030 - CMSIS Pack Vendor :STMicroelectronics X-CUBE-BLEMGR 4.0.0
2026-05-12 11:26:23,745 [INFO] ThirdParty:1030 - CMSIS Pack Vendor :STMicroelectronics X-CUBE-FREERTOS 1.3.1
2026-05-12 11:26:23,745 [INFO] ThirdParty:1030 - CMSIS Pack Vendor :STMicroelectronics HAL Drivers 0.0.0
2026-05-12 11:26:23,745 [INFO] ThirdParty:1030 - CMSIS Pack Vendor :STMicroelectronics X-CUBE-ST60 1.1.0
2026-05-12 11:26:23,745 [INFO] ThirdParty:1030 - CMSIS Pack Vendor :emotas I-CUBE-CANOPEN 1.3.0
2026-05-12 11:26:23,745 [INFO] ThirdParty:1030 - CMSIS Pack Vendor :STMicroelectronics X-CUBE-FREERTOS 1.3.0
2026-05-12 11:26:23,745 [INFO] ThirdParty:1030 - CMSIS Pack Vendor :STMicroelectronics X-CUBE-NFC7 1.0.1
2026-05-12 11:26:23,745 [INFO] ThirdParty:1030 - CMSIS Pack Vendor :STMicroelectronics MBEDTLS 2.14.1
2026-05-12 11:26:23,745 [INFO] ThirdParty:1030 - CMSIS Pack Vendor :STMicroelectronics X-CUBE-GNSS1 7.1.0
2026-05-12 11:26:23,745 [INFO] ThirdParty:1030 - CMSIS Pack Vendor :STMicroelectronics X-CUBE-TOUCHGFX 4.22.1
2026-05-12 11:26:23,745 [INFO] ThirdParty:1030 - CMSIS Pack Vendor :wolfSSL I-CUBE-wolfTPM 3.2.0
2026-05-12 11:26:23,745 [INFO] ThirdParty:1030 - CMSIS Pack Vendor :STMicroelectronics X-CUBE-TOUCHGFX 4.26.0
2026-05-12 11:26:23,745 [INFO] ThirdParty:1030 - CMSIS Pack Vendor :STMicroelectronics X-CUBE-NFC6 3.0.0
2026-05-12 11:26:23,745 [INFO] ThirdParty:1030 - CMSIS Pack Vendor :STMicroelectronics X-CUBE-TOUCHGFX 4.26.1
2026-05-12 11:26:23,745 [INFO] ThirdParty:1030 - CMSIS Pack Vendor :STMicroelectronics X-CUBE-EEPRMA1 4.1.0
2026-05-12 11:26:23,747 [INFO] ThirdParty:1030 - CMSIS Pack Vendor :STMicroelectronics X-CUBE-BLEMGR 3.1.0
2026-05-12 11:26:23,747 [INFO] ThirdParty:1030 - CMSIS Pack Vendor :STMicroelectronics X-CUBE-AI 10.0.0
2026-05-12 11:26:23,747 [INFO] ThirdParty:1030 - CMSIS Pack Vendor :STMicroelectronics FP-SNS-STBOX1 2.1.0
2026-05-12 11:26:23,747 [INFO] ThirdParty:1030 - CMSIS Pack Vendor :STMicroelectronics FP-SNS-STAIOTCFT 1.0.0
2026-05-12 11:26:23,747 [INFO] ThirdParty:1030 - CMSIS Pack Vendor :STMicroelectronics FP-SNS-FLIGHT1 5.1.0
2026-05-12 11:26:23,747 [INFO] ThirdParty:1030 - CMSIS Pack Vendor :STMicroelectronics X-CUBE-MEMS1 11.1.0
2026-05-12 11:26:23,747 [INFO] ThirdParty:1030 - CMSIS Pack Vendor :STMicroelectronics X-CUBE-AZRTOS-WL 2.0.0
2026-05-12 11:26:23,747 [INFO] ThirdParty:1030 - CMSIS Pack Vendor :STMicroelectronics X-CUBE-DPower 1.3.0
2026-05-12 11:26:23,747 [INFO] ThirdParty:1030 - CMSIS Pack Vendor :STMicroelectronics FP-SNS-MOTENV1 5.0.0
2026-05-12 11:26:23,747 [INFO] ThirdParty:1030 - CMSIS Pack Vendor :STMicroelectronics USB_DEVICE 1.0.0
2026-05-12 11:26:23,747 [INFO] ThirdParty:1030 - CMSIS Pack Vendor :STMicroelectronics X-CUBE-AZRTOS-H7RS 1.2.0
2026-05-12 11:26:23,747 [INFO] ThirdParty:1030 - CMSIS Pack Vendor :STMicroelectronics X-CUBE-AI 8.1.0
2026-05-12 11:26:23,747 [INFO] ThirdParty:1030 - CMSIS Pack Vendor :wolfSSL I-CUBE-wolfMQTT 1.19.0
2026-05-12 11:26:23,747 [INFO] ThirdParty:1030 - CMSIS Pack Vendor :STMicroelectronics X-CUBE-AZRTOS-L4 2.0.0
2026-05-12 11:26:23,747 [INFO] ThirdParty:1030 - CMSIS Pack Vendor :STMicroelectronics ThreadX 0.0.2
2026-05-12 11:26:23,747 [INFO] ThirdParty:1030 - CMSIS Pack Vendor :WES I-CUBE-Cesium 1.3.0
2026-05-12 11:26:23,747 [INFO] ThirdParty:1030 - CMSIS Pack Vendor :STMicroelectronics lwIP 2.1.2
2026-05-12 11:26:23,747 [INFO] ThirdParty:1030 - CMSIS Pack Vendor :STMicroelectronics X-CUBE-SFXS2LP1 4.0.0
2026-05-12 11:26:23,747 [INFO] ThirdParty:1030 - CMSIS Pack Vendor :STMicroelectronics X-CUBE-BLE2 3.3.0
2026-05-12 11:26:23,748 [INFO] ThirdParty:1030 - CMSIS Pack Vendor :Avnet-IOTCONNECT X-CUBE-iotc-st67-sdk 1.0.0
2026-05-12 11:26:23,748 [INFO] ThirdParty:1030 - CMSIS Pack Vendor :STMicroelectronics PDM2PCM 3.2.0
2026-05-12 11:26:23,748 [INFO] ThirdParty:1030 - CMSIS Pack Vendor :STMicroelectronics X-CUBE-WB05N 2.1.0
2026-05-12 11:26:23,748 [INFO] ThirdParty:1030 - CMSIS Pack Vendor :STMicroelectronics X-CUBE-ST67W61 1.2.0
2026-05-12 11:26:23,748 [INFO] ThirdParty:1030 - CMSIS Pack Vendor :STMicroelectronics X-CUBE-ISPU 1.1.0
2026-05-12 11:26:23,748 [INFO] ThirdParty:1030 - CMSIS Pack Vendor :STMicroelectronics X-CUBE-AZRTOS-H7 3.3.0
2026-05-12 11:26:23,748 [INFO] ThirdParty:1030 - CMSIS Pack Vendor :STMicroelectronics X-CUBE-NFC9 1.0.0
2026-05-12 11:26:23,748 [INFO] ThirdParty:1030 - CMSIS Pack Vendor :STMicroelectronics X-CUBE-BLE1 7.1.0
2026-05-12 11:26:23,748 [INFO] ThirdParty:1030 - CMSIS Pack Vendor :STMicroelectronics USB_DEVICE 3.0.0
2026-05-12 11:26:23,748 [INFO] ThirdParty:1030 - CMSIS Pack Vendor :STMicroelectronics X-CUBE-TCPP 4.1.0
2026-05-12 11:26:23,748 [INFO] ThirdParty:1030 - CMSIS Pack Vendor :STMicroelectronics X-CUBE-FREERTOS 1.4.0
2026-05-12 11:26:23,748 [INFO] ThirdParty:1030 - CMSIS Pack Vendor :STMicroelectronics X-CUBE-EEPRMA1 5.2.0
2026-05-12 11:26:23,748 [INFO] ThirdParty:1030 - CMSIS Pack Vendor :STMicroelectronics X-CUBE-BLEMGR 4.1.0
2026-05-12 11:26:23,748 [INFO] ThirdParty:1030 - CMSIS Pack Vendor :STMicroelectronics X-CUBE-IPS 3.0.0
2026-05-12 11:26:23,748 [INFO] ThirdParty:1030 - CMSIS Pack Vendor :STMicroelectronics X-CUBE-AZRTOS-WB 2.0.0
2026-05-12 11:26:23,748 [INFO] ThirdParty:1030 - CMSIS Pack Vendor :STMicroelectronics X-CUBE-GNSS1 7.0.0
2026-05-12 11:26:23,749 [INFO] ThirdParty:1030 - CMSIS Pack Vendor :STMicroelectronics X-CUBE-GNSS1 7.0.1
2026-05-12 11:26:23,749 [INFO] ThirdParty:1030 - CMSIS Pack Vendor :STMicroelectronics X-CUBE-TOUCHGFX 4.25.0
2026-05-12 11:26:23,749 [INFO] ThirdParty:1030 - CMSIS Pack Vendor :STMicroelectronics X-CUBE-ST67W61 1.1.0
2026-05-12 11:26:23,749 [INFO] ThirdParty:1030 - CMSIS Pack Vendor :STMicroelectronics X-CUBE-AI 10.1.0
2026-05-12 11:26:23,749 [INFO] ThirdParty:1030 - CMSIS Pack Vendor :STMicroelectronics FP-SNS-STBOX1 2.0.0
2026-05-12 11:26:23,749 [INFO] ThirdParty:1030 - CMSIS Pack Vendor :STMicroelectronics X-CUBE-MEMS1 12.0.0
2026-05-12 11:26:23,749 [INFO] ThirdParty:1030 - CMSIS Pack Vendor :STMicroelectronics X-CUBE-ALGOBUILD 1.3.0
2026-05-12 11:26:23,749 [INFO] ThirdParty:1030 - CMSIS Pack Vendor :STMicroelectronics X-CUBE-STSE01 2.0.0
2026-05-12 11:26:23,749 [INFO] ThirdParty:1030 - CMSIS Pack Vendor :STMicroelectronics X-CUBE-MEMS1 11.2.0
2026-05-12 11:26:23,749 [INFO] ThirdParty:1030 - CMSIS Pack Vendor :STMicroelectronics X-CUBE-AZRTOS-G0 1.1.0
2026-05-12 11:26:23,749 [INFO] ThirdParty:1030 - CMSIS Pack Vendor :STMicroelectronics X-CUBE-SAFEA1 1.2.2
2026-05-12 11:26:23,749 [INFO] ThirdParty:1030 - CMSIS Pack Vendor :STMicroelectronics X-CUBE-NFC4 3.0.0
2026-05-12 11:26:23,749 [INFO] ThirdParty:1030 - CMSIS Pack Vendor :STMicroelectronics X-CUBE-SUBG2 5.0.0
2026-05-12 11:26:23,749 [INFO] ThirdParty:1030 - CMSIS Pack Vendor :STMicroelectronics X-CUBE-AZRTOS-H7RS 1.1.0
2026-05-12 11:26:23,749 [INFO] ThirdParty:1030 - CMSIS Pack Vendor :STMicroelectronics STM32_WPAN 1.0.0
2026-05-12 11:26:23,749 [INFO] ThirdParty:1030 - CMSIS Pack Vendor :wolfSSL I-CUBE-wolfMQTT 1.18.0
2026-05-12 11:26:23,749 [INFO] ThirdParty:1030 - CMSIS Pack Vendor :EmbeddedOffice I-CUBE-FS-RTOS 1.0.1
2026-05-12 11:26:23,749 [INFO] ThirdParty:1030 - CMSIS Pack Vendor :STMicroelectronics lwIP 2.0.3
2026-05-12 11:26:23,749 [INFO] ThirdParty:1030 - CMSIS Pack Vendor :STMicroelectronics USB_HOST 1.0.0
2026-05-12 11:26:23,749 [INFO] ThirdParty:1030 - CMSIS Pack Vendor :STMicroelectronics X-CUBE-TOF1 3.3.1
2026-05-12 11:26:23,749 [INFO] ThirdParty:1030 - CMSIS Pack Vendor :STMicroelectronics X-CUBE-AZRTOS-G4 2.0.0
2026-05-12 11:26:23,749 [INFO] ThirdParty:1030 - CMSIS Pack Vendor :STMicroelectronics X-CUBE-WB05N 2.0.0
2026-05-12 11:26:23,750 [INFO] ThirdParty:1030 - CMSIS Pack Vendor :STMicroelectronics PDM2PCM 3.1.0
2026-05-12 11:26:23,750 [INFO] ThirdParty:1030 - CMSIS Pack Vendor :Infineon AIROC-Wi-Fi-Bluetooth-STM32 1.5.1
2026-05-12 11:26:23,750 [INFO] ThirdParty:1030 - CMSIS Pack Vendor :STMicroelectronics X-CUBE-BLEMGR 3.0.0
2026-05-12 11:26:23,751 [INFO] ThirdParty:1030 - CMSIS Pack Vendor :STMicroelectronics FP-SNS-MOTENVWB1 1.3.0
2026-05-12 11:26:23,753 [INFO] ThirdParty:1030 - CMSIS Pack Vendor :STMicroelectronics X-CUBE-NFC7 2.0.0
2026-05-12 11:26:23,753 [INFO] ThirdParty:1030 - CMSIS Pack Vendor :STMicroelectronics X-CUBE-TCPP 4.2.0
2026-05-12 11:26:23,754 [INFO] ThirdParty:1030 - CMSIS Pack Vendor :RealThread X-CUBE-RT-Thread_Nano 4.1.1
2026-05-12 11:26:23,754 [INFO] ThirdParty:1030 - CMSIS Pack Vendor :STMicroelectronics FP-SNS-MOTENVWB1 1.3.1
2026-05-12 11:26:23,754 [INFO] ThirdParty:1030 - CMSIS Pack Vendor :STMicroelectronics FP-ATR-SIGFOX1 3.2.0
2026-05-12 11:26:23,754 [INFO] ThirdParty:1030 - CMSIS Pack Vendor :quantropi X-CUBE-qispace-sdk-base 1.9.3
2026-05-12 11:26:23,754 [INFO] ThirdParty:1030 - CMSIS Pack Vendor :STMicroelectronics X-CUBE-ISPU 2.0.0
2026-05-12 11:26:23,754 [INFO] ThirdParty:1030 - CMSIS Pack Vendor :STMicroelectronics X-CUBE-EEPRMA1 5.1.0
2026-05-12 11:26:23,754 [INFO] ThirdParty:1030 - CMSIS Pack Vendor :STMicroelectronics X-CUBE-FREERTOS 1.5.0
2026-05-12 11:26:23,754 [INFO] ThirdParty:1030 - CMSIS Pack Vendor :STMicroelectronics MBEDTLS 2.16.2
2026-05-12 11:26:23,754 [INFO] ThirdParty:1030 - CMSIS Pack Vendor :STMicroelectronics X-CUBE-IPS 3.1.0
2026-05-12 11:26:23,754 [INFO] ThirdParty:1030 - CMSIS Pack Vendor :STMicroelectronics X-CUBE-ALS 1.0.2
2026-05-12 11:26:23,754 [INFO] ThirdParty:1030 - CMSIS Pack Vendor :STMicroelectronics X-CUBE-MEMS1 10.0.0
2026-05-12 11:26:23,754 [INFO] ThirdParty:1030 - CMSIS Pack Vendor :STMicroelectronics X-CUBE-FREERTOS 1.1.0
2026-05-12 11:26:23,754 [INFO] ThirdParty:1030 - CMSIS Pack Vendor :STMicroelectronics X-CUBE-TOUCHGFX 4.24.0
2026-05-12 11:26:23,754 [INFO] ThirdParty:1030 - CMSIS Pack Vendor :STMicroelectronics X-CUBE-TOUCHGFX 4.24.2
2026-05-12 11:26:23,754 [INFO] ThirdParty:1030 - CMSIS Pack Vendor :STMicroelectronics X-CUBE-TOUCHGFX 4.24.1
2026-05-12 11:26:23,754 [INFO] ThirdParty:1030 - CMSIS Pack Vendor :STMicroelectronics X-CUBE-STSE01 1.0.0
2026-05-12 11:26:23,754 [INFO] ThirdParty:1030 - CMSIS Pack Vendor :portGmbH I-Cube-SoM-uGOAL 1.1.0
2026-05-12 11:26:23,754 [INFO] ThirdParty:1030 - CMSIS Pack Vendor :STMicroelectronics X-CUBE-ALS 1.0.1
2026-05-12 11:26:23,754 [INFO] ThirdParty:1030 - CMSIS Pack Vendor :STMicroelectronics X-CUBE-NFC6 3.2.0
2026-05-12 11:26:23,754 [INFO] ThirdParty:1030 - CMSIS Pack Vendor :STMicroelectronics X-CUBE-ST67W61 1.0.0
2026-05-12 11:26:23,754 [INFO] ThirdParty:1030 - CMSIS Pack Vendor :STMicroelectronics X-CUBE-AI 10.2.0
2026-05-12 11:26:23,754 [INFO] ThirdParty:1030 - CMSIS Pack Vendor :STMicroelectronics ThreadX 1.0.0
2026-05-12 11:26:23,754 [INFO] ThirdParty:1030 - CMSIS Pack Vendor :SEGGER I-CUBE-embOS 1.3.1
2026-05-12 11:26:23,754 [INFO] ThirdParty:1030 - CMSIS Pack Vendor :STMicroelectronics X-CUBE-ALGOBUILD 1.4.0
2026-05-12 11:26:23,754 [INFO] ThirdParty:1030 - CMSIS Pack Vendor :STMicroelectronics X-CUBE-MEMS1 11.3.0
2026-05-12 11:26:23,754 [INFO] ThirdParty:1030 - CMSIS Pack Vendor :STMicroelectronics X-CUBE-AZRTOS-H7RS 1.0.0
2026-05-12 11:26:23,754 [INFO] ThirdParty:1030 - CMSIS Pack Vendor :STMicroelectronics FP-ATR-ASTRA1 2.0.0
2026-05-12 11:26:23,754 [INFO] ThirdParty:1030 - CMSIS Pack Vendor :STMicroelectronics X-CUBE-TOF1 3.4.2
2026-05-12 11:26:23,754 [INFO] ThirdParty:1030 - CMSIS Pack Vendor :STMicroelectronics X-CUBE-TOF1 3.4.3
2026-05-12 11:26:23,754 [INFO] ThirdParty:1030 - CMSIS Pack Vendor :STMicroelectronics X-CUBE-AI 9.1.0
2026-05-12 11:26:23,754 [INFO] ThirdParty:1030 - CMSIS Pack Vendor :STMicroelectronics X-CUBE-TOF1 3.4.0
2026-05-12 11:26:23,755 [INFO] ThirdParty:1030 - CMSIS Pack Vendor :STMicroelectronics X-CUBE-TOF1 3.4.1
2026-05-12 11:26:23,755 [INFO] ThirdParty:1030 - CMSIS Pack Vendor :STMicroelectronics X-CUBE-AZRTOS-H7 3.2.0
2026-05-12 11:26:23,755 [INFO] ThirdParty:1030 - CMSIS Pack Vendor :wolfSSL I-CUBE-wolfSSH 1.4.17
2026-05-12 11:26:23,755 [INFO] ThirdParty:841 - exiting critical section [change project]
2026-05-12 11:26:24,641 [INFO] PinOutPanel:1589 - setPackage(No Configuration,No Configuration)
2026-05-12 11:26:24,642 [INFO] PinOutPanel:1589 - setPackage(STM32F429ZITx,LQFP144)
2026-05-12 11:26:25,527 [INFO] UtilMem:75 - Before build in PCC Used Memory: 358487432 Bytes (517996544)
2026-05-12 11:26:26,811 [INFO] UtilMem:75 - After build in PCC Used Memory: 302241000 Bytes (517996544)
2026-05-12 11:26:26,869 [INFO] IPUIPlugin:80 - create IPUIPlugin
2026-05-12 11:26:26,870 [INFO] IPUIPlugin:80 - create IPUIPlugin
2026-05-12 11:26:26,871 [INFO] IPUIPlugin:80 - create IPUIPlugin
2026-05-12 11:26:26,871 [INFO] IPUIPlugin:80 - create IPUIPlugin
2026-05-12 11:26:26,871 [INFO] IPUIPlugin:80 - create IPUIPlugin
2026-05-12 11:26:26,873 [INFO] IPUIPlugin:80 - create IPUIPlugin
2026-05-12 11:26:26,874 [INFO] IPUIPlugin:80 - create IPUIPlugin
2026-05-12 11:26:26,874 [INFO] IPUIPlugin:80 - create IPUIPlugin
2026-05-12 11:26:26,875 [INFO] IPUIPlugin:80 - create IPUIPlugin
2026-05-12 11:26:26,875 [INFO] IPUIPlugin:80 - create IPUIPlugin
2026-05-12 11:26:26,875 [INFO] IPUIPlugin:80 - create IPUIPlugin
2026-05-12 11:26:26,875 [INFO] IPUIPlugin:80 - create IPUIPlugin
2026-05-12 11:26:26,875 [INFO] IPUIPlugin:80 - create IPUIPlugin
2026-05-12 11:26:26,875 [INFO] IPUIPlugin:80 - create IPUIPlugin
2026-05-12 11:26:26,875 [INFO] IPUIPlugin:80 - create IPUIPlugin
2026-05-12 11:26:26,875 [INFO] IPUIPlugin:80 - create IPUIPlugin
2026-05-12 11:26:26,875 [INFO] IPUIPlugin:80 - create IPUIPlugin
2026-05-12 11:26:26,875 [INFO] IPUIPlugin:80 - create IPUIPlugin
2026-05-12 11:26:26,875 [INFO] IPUIPlugin:80 - create IPUIPlugin
2026-05-12 11:26:26,875 [INFO] IPUIPlugin:80 - create IPUIPlugin
2026-05-12 11:26:26,875 [INFO] IPUIPlugin:80 - create IPUIPlugin
2026-05-12 11:26:26,877 [INFO] IPUIPlugin:80 - create IPUIPlugin
2026-05-12 11:26:26,877 [INFO] IPUIPlugin:80 - create IPUIPlugin
2026-05-12 11:26:26,877 [INFO] IPUIPlugin:80 - create IPUIPlugin
2026-05-12 11:26:26,877 [INFO] IPUIPlugin:80 - create IPUIPlugin
2026-05-12 11:26:26,877 [INFO] IPUIPlugin:80 - create IPUIPlugin
2026-05-12 11:26:26,877 [INFO] IPUIPlugin:80 - create IPUIPlugin
2026-05-12 11:26:26,877 [INFO] IPUIPlugin:80 - create IPUIPlugin
2026-05-12 11:26:26,877 [INFO] IPUIPlugin:80 - create IPUIPlugin
2026-05-12 11:26:26,879 [INFO] IPUIPlugin:80 - create IPUIPlugin
2026-05-12 11:26:26,879 [INFO] IPUIPlugin:80 - create IPUIPlugin
2026-05-12 11:26:26,879 [INFO] IPUIPlugin:80 - create IPUIPlugin
2026-05-12 11:26:26,879 [INFO] IPUIPlugin:80 - create IPUIPlugin
2026-05-12 11:26:26,880 [INFO] IPUIPlugin:80 - create IPUIPlugin
2026-05-12 11:26:26,880 [INFO] IPUIPlugin:80 - create IPUIPlugin
2026-05-12 11:26:26,880 [INFO] IPUIPlugin:80 - create IPUIPlugin
2026-05-12 11:26:26,880 [INFO] IPUIPlugin:80 - create IPUIPlugin
2026-05-12 11:26:26,881 [INFO] IPUIPlugin:80 - create IPUIPlugin
2026-05-12 11:26:26,881 [INFO] IPUIPlugin:80 - create IPUIPlugin
2026-05-12 11:26:26,881 [INFO] IPUIPlugin:80 - create IPUIPlugin
2026-05-12 11:26:26,881 [INFO] IPUIPlugin:80 - create IPUIPlugin
2026-05-12 11:26:26,881 [INFO] IPUIPlugin:80 - create IPUIPlugin
2026-05-12 11:26:26,881 [INFO] IPUIPlugin:80 - create IPUIPlugin
2026-05-12 11:26:26,882 [INFO] IPUIPlugin:80 - create IPUIPlugin
2026-05-12 11:26:26,882 [INFO] IPUIPlugin:80 - create IPUIPlugin
2026-05-12 11:26:26,882 [INFO] IPUIPlugin:80 - create IPUIPlugin
2026-05-12 11:26:26,882 [INFO] IPUIPlugin:80 - create IPUIPlugin
2026-05-12 11:26:26,883 [INFO] IPUIPlugin:80 - create IPUIPlugin
2026-05-12 11:26:26,883 [INFO] IPUIPlugin:80 - create IPUIPlugin
2026-05-12 11:26:26,883 [INFO] IPUIPlugin:80 - create IPUIPlugin
2026-05-12 11:26:26,883 [INFO] IPUIPlugin:80 - create IPUIPlugin
2026-05-12 11:26:26,885 [INFO] IPUIPlugin:80 - create IPUIPlugin
2026-05-12 11:26:26,885 [INFO] IPUIPlugin:80 - create IPUIPlugin
2026-05-12 11:26:26,885 [INFO] IPUIPlugin:80 - create IPUIPlugin
2026-05-12 11:26:26,885 [INFO] IPUIPlugin:80 - create IPUIPlugin
2026-05-12 11:26:26,887 [INFO] IPUIPlugin:80 - create IPUIPlugin
2026-05-12 11:26:26,889 [INFO] IPUIPlugin:80 - create IPUIPlugin
2026-05-12 11:26:26,891 [INFO] IPUIPlugin:80 - create IPUIPlugin
2026-05-12 11:26:26,892 [INFO] IPUIPlugin:80 - create IPUIPlugin
2026-05-12 11:26:26,892 [INFO] IPUIPlugin:80 - create IPUIPlugin
2026-05-12 11:26:26,892 [INFO] IPUIPlugin:80 - create IPUIPlugin
2026-05-12 11:26:26,893 [INFO] IPUIPlugin:80 - create IPUIPlugin
2026-05-12 11:26:26,893 [INFO] IPUIPlugin:80 - create IPUIPlugin
2026-05-12 11:26:26,894 [INFO] IPUIPlugin:80 - create IPUIPlugin
2026-05-12 11:26:26,894 [INFO] IPUIPlugin:80 - create IPUIPlugin
2026-05-12 11:26:26,895 [INFO] IPUIPlugin:80 - create IPUIPlugin
2026-05-12 11:26:27,030 [INFO] ApiDbMcu:532 - Load IP Config File for PDM2PCM
2026-05-12 11:26:27,044 [INFO] Can:71 - Can Add PropertyChangeListener com.st.microxplorer.plugins.ip.can.Can@36a7205a
2026-05-12 11:26:27,427 [INFO] CADModel:165 - CPN selected for project levelSTM32F429ZIT6
2026-05-12 11:26:27,427 [INFO] CADModel:114 - Register for checkConnection events
2026-05-12 11:26:27,468 [INFO] OpenFileManager:386 - Restore cursor
2026-05-12 11:28:47,190 [INFO] NvicIntPanel:101 - NVIC parent = com.st.microxplorer.plugins.ip.nvic.MultiNvicIntPanel[,0,0,0x0,invalid,layout=javax.swing.BoxLayout,alignmentX=0.0,alignmentY=0.0,border=,flags=9,maximumSize=,minimumSize=,preferredSize=]
2026-05-12 11:29:39,185 [INFO] NvicIntPanel:101 - NVIC parent = com.st.microxplorer.plugins.ip.nvic.MultiNvicIntPanel[,0,0,0x0,invalid,layout=javax.swing.BoxLayout,alignmentX=0.0,alignmentY=0.0,border=,flags=9,maximumSize=,minimumSize=,preferredSize=]
2026-05-12 11:29:48,671 [INFO] NvicIntPanel:101 - NVIC parent = com.st.microxplorer.plugins.ip.nvic.MultiNvicIntPanel[,0,0,0x0,invalid,layout=javax.swing.BoxLayout,alignmentX=0.0,alignmentY=0.0,border=,flags=9,maximumSize=,minimumSize=,preferredSize=]
2026-05-12 11:29:49,629 [INFO] NvicIntPanel:101 - NVIC parent = com.st.microxplorer.plugins.ip.nvic.MultiNvicIntPanel[,0,0,0x0,invalid,layout=javax.swing.BoxLayout,alignmentX=0.0,alignmentY=0.0,border=,flags=9,maximumSize=,minimumSize=,preferredSize=]
2026-05-12 11:29:50,407 [INFO] NvicIntPanel:101 - NVIC parent = com.st.microxplorer.plugins.ip.nvic.MultiNvicIntPanel[,0,0,0x0,invalid,layout=javax.swing.BoxLayout,alignmentX=0.0,alignmentY=0.0,border=,flags=9,maximumSize=,minimumSize=,preferredSize=]
2026-05-12 11:29:51,601 [INFO] UtilMem:75 - End SaveConfig() Used Memory: 932842776 Bytes (1073741824)
2026-05-12 11:29:52,770 [INFO] UtilMem:75 - End SaveConfig() Used Memory: 980515000 Bytes (1073741824)
2026-05-12 11:29:54,240 [INFO] UtilMem:75 - End SaveConfig() Used Memory: 823466256 Bytes (1073741824)
2026-05-12 11:29:55,094 [INFO] BlockDiagram:2775 - set Specific Code input for plugin: TIM1_8
2026-05-12 11:29:55,094 [INFO] BlockDiagram:2775 - set Specific Code input for plugin: TIM1_8
2026-05-12 11:29:55,094 [INFO] BlockDiagram:2775 - set Specific Code input for plugin: CAN
2026-05-12 11:29:55,094 [INFO] BlockDiagram:2775 - set Specific Code input for plugin: SYS
2026-05-12 11:29:55,094 [INFO] BlockDiagram:2775 - set Specific Code input for plugin: RCC
2026-05-12 11:29:55,094 [INFO] BlockDiagram:2775 - set Specific Code input for plugin: NVIC
2026-05-12 11:29:55,096 [INFO] BlockDiagram:2775 - set Specific Code input for plugin: GPIO
2026-05-12 11:29:55,098 [INFO] CodeGenerator:892 - code generatio: config db path: D:\STM32CubeIDE_1.19.0\STM32CubeIDE\plugins\com.st.stm32cube.common.mx_6.15.0.202507011659\\db\
2026-05-12 11:29:55,303 [INFO] CodeEngine:265 - oldGeneratedFile, F:\BTLHTĐKN\MCU\SLAVE_F429_Ver_2\MXTmpFiles\license.tmp_save
2026-05-12 11:29:55,744 [INFO] CodeEngine:289 - Generated code: F:\BTLHTĐKN\MCU\SLAVE_F429_Ver_2\MXTmpFiles\license.tmp
2026-05-12 11:29:55,844 [INFO] CodeEngine:265 - oldGeneratedFile, F:\BTLHTĐKN\MCU\SLAVE_F429_Ver_2\MXTmpFiles\gpio.tmp_save
2026-05-12 11:29:56,008 [INFO] CodeEngine:289 - Generated code: F:\BTLHTĐKN\MCU\SLAVE_F429_Ver_2\MXTmpFiles\gpio.tmp
2026-05-12 11:29:56,232 [INFO] CodeEngine:265 - oldGeneratedFile, F:\BTLHTĐKN\MCU\SLAVE_F429_Ver_2\Core\Src\stm32f4xx_it.c_save
2026-05-12 11:29:56,524 [INFO] CodeEngine:289 - Generated code: F:\BTLHTĐKN\MCU\SLAVE_F429_Ver_2\Core\Src\stm32f4xx_it.c
2026-05-12 11:29:56,533 [INFO] CodeEngine:265 - oldGeneratedFile, F:\BTLHTĐKN\MCU\SLAVE_F429_Ver_2\Core\Inc\stm32f4xx_it.h_save
2026-05-12 11:29:56,665 [INFO] CodeEngine:289 - Generated code: F:\BTLHTĐKN\MCU\SLAVE_F429_Ver_2\Core\Inc\stm32f4xx_it.h
2026-05-12 11:29:56,699 [INFO] CodeEngine:265 - oldGeneratedFile, F:\BTLHTĐKN\MCU\SLAVE_F429_Ver_2\Core\Src\stm32f4xx_hal_msp.c_save
2026-05-12 11:29:57,221 [INFO] CodeEngine:289 - Generated code: F:\BTLHTĐKN\MCU\SLAVE_F429_Ver_2\Core\Src\stm32f4xx_hal_msp.c
2026-05-12 11:29:57,232 [INFO] CodeEngine:265 - oldGeneratedFile, F:\BTLHTĐKN\MCU\SLAVE_F429_Ver_2\MXTmpFiles\system.tmp_save
2026-05-12 11:29:57,333 [INFO] CodeEngine:289 - Generated code: F:\BTLHTĐKN\MCU\SLAVE_F429_Ver_2\MXTmpFiles\system.tmp
2026-05-12 11:29:57,359 [INFO] CodeEngine:321 - oldGeneratedFile, F:\BTLHTĐKN\MCU\SLAVE_F429_Ver_2\Core\Inc\stm32f4xx_hal_conf.h_save
2026-05-12 11:29:57,495 [INFO] CodeEngine:345 - Generated code: F:\BTLHTĐKN\MCU\SLAVE_F429_Ver_2\Core\Inc\stm32f4xx_hal_conf.h
2026-05-12 11:29:57,541 [INFO] ApiDbMcu:532 - Load IP Config File for CAN1
2026-05-12 11:29:57,562 [INFO] ApiDbMcu:532 - Load IP Config File for TIM3
2026-05-12 11:29:57,589 [INFO] ApiDbMcu:532 - Load IP Config File for TIM4
2026-05-12 11:29:57,597 [INFO] ApiDbMcu:532 - Load IP Config File for RCC
2026-05-12 11:29:57,601 [WARN] IPConfigManager:3811 - IP not found : TIM
2026-05-12 11:29:57,607 [WARN] CodeGenerator:4259 - IP not found : null
2026-05-12 11:29:57,624 [INFO] CodeEngine:265 - oldGeneratedFile, F:\BTLHTĐKN\MCU\SLAVE_F429_Ver_2\Core\Inc\main.h_save
2026-05-12 11:29:57,818 [INFO] CodeEngine:289 - Generated code: F:\BTLHTĐKN\MCU\SLAVE_F429_Ver_2\Core\Inc\main.h
2026-05-12 11:29:57,830 [INFO] CodeEngine:265 - oldGeneratedFile, F:\BTLHTĐKN\MCU\SLAVE_F429_Ver_2\Core\Src\main.c_save
2026-05-12 11:29:58,092 [INFO] CodeEngine:289 - Generated code: F:\BTLHTĐKN\MCU\SLAVE_F429_Ver_2\Core\Src\main.c
2026-05-12 11:29:58,758 [INFO] ProjectBuilder:3606 - Time for Copy HAL[1] : 338mS.
2026-05-12 11:29:58,768 [INFO] ProjectBuilder:5216 - Project Generator version: 4.7.0-B52
2026-05-12 11:29:58,943 [INFO] ConfigFileManager:1595 - The Die is : DIE419
2026-05-12 11:29:58,964 [INFO] ApiDbMcu:532 - Load IP Config File for FATFS
2026-05-12 11:29:58,986 [INFO] ApiDbMcu:532 - Load IP Config File for FREERTOS
2026-05-12 11:29:59,002 [INFO] ApiDbMcu:532 - Load IP Config File for LIBJPEG
2026-05-12 11:29:59,035 [INFO] ApiDbMcu:532 - Load IP Config File for LWIP
2026-05-12 11:29:59,068 [INFO] ApiDbMcu:532 - Load IP Config File for MBEDTLS
2026-05-12 11:29:59,103 [INFO] ApiDbMcu:532 - Load IP Config File for USB_DEVICE
2026-05-12 11:29:59,118 [INFO] ApiDbMcu:532 - Load IP Config File for USB_HOST
2026-05-12 11:30:00,231 [INFO] LogOutputStream:77 - [STDOUT_REDIRECT] 
2026-05-12 11:30:03,262 [INFO] ProjectBuilder:5496 - Time for Generating toolchain IDE Files: 4492mS.
2026-05-12 11:30:03,264 [INFO] ProjectBuilder:3463 - Time for Copy CMSIS : 1mS.
2026-05-12 11:30:03,264 [INFO] ProjectBuilder:3463 - Time for Copy CMSIS : 0mS.
2026-05-12 11:36:16,450 [INFO] UtilMem:75 - End SaveConfig() Used Memory: 871907912 Bytes (1073741824)
2026-05-12 11:36:17,503 [INFO] BlockDiagram:2775 - set Specific Code input for plugin: TIM1_8
2026-05-12 11:36:17,504 [INFO] BlockDiagram:2775 - set Specific Code input for plugin: TIM1_8
2026-05-12 11:36:17,504 [INFO] BlockDiagram:2775 - set Specific Code input for plugin: CAN
2026-05-12 11:36:17,509 [INFO] BlockDiagram:2775 - set Specific Code input for plugin: SYS
2026-05-12 11:36:17,510 [INFO] BlockDiagram:2775 - set Specific Code input for plugin: RCC
2026-05-12 11:36:17,510 [INFO] BlockDiagram:2775 - set Specific Code input for plugin: NVIC
2026-05-12 11:36:17,511 [INFO] BlockDiagram:2775 - set Specific Code input for plugin: GPIO
2026-05-12 11:36:17,514 [INFO] CodeGenerator:892 - code generatio: config db path: D:\STM32CubeIDE_1.19.0\STM32CubeIDE\plugins\com.st.stm32cube.common.mx_6.15.0.202507011659\\db\
2026-05-12 11:36:17,747 [INFO] CodeEngine:265 - oldGeneratedFile, F:\BTLHTĐKN\MCU\SLAVE_F429_Ver_2\MXTmpFiles\license.tmp_save
2026-05-12 11:36:18,099 [INFO] CodeEngine:289 - Generated code: F:\BTLHTĐKN\MCU\SLAVE_F429_Ver_2\MXTmpFiles\license.tmp
2026-05-12 11:36:18,215 [INFO] CodeEngine:265 - oldGeneratedFile, F:\BTLHTĐKN\MCU\SLAVE_F429_Ver_2\MXTmpFiles\gpio.tmp_save
2026-05-12 11:36:18,400 [INFO] CodeEngine:289 - Generated code: F:\BTLHTĐKN\MCU\SLAVE_F429_Ver_2\MXTmpFiles\gpio.tmp
2026-05-12 11:36:18,584 [INFO] CodeEngine:265 - oldGeneratedFile, F:\BTLHTĐKN\MCU\SLAVE_F429_Ver_2\Core\Src\stm32f4xx_it.c_save
2026-05-12 11:36:19,010 [INFO] CodeEngine:289 - Generated code: F:\BTLHTĐKN\MCU\SLAVE_F429_Ver_2\Core\Src\stm32f4xx_it.c
2026-05-12 11:36:19,018 [INFO] CodeEngine:265 - oldGeneratedFile, F:\BTLHTĐKN\MCU\SLAVE_F429_Ver_2\Core\Inc\stm32f4xx_it.h_save
2026-05-12 11:36:19,131 [INFO] CodeEngine:289 - Generated code: F:\BTLHTĐKN\MCU\SLAVE_F429_Ver_2\Core\Inc\stm32f4xx_it.h
2026-05-12 11:36:19,167 [INFO] CodeEngine:265 - oldGeneratedFile, F:\BTLHTĐKN\MCU\SLAVE_F429_Ver_2\Core\Src\stm32f4xx_hal_msp.c_save
2026-05-12 11:36:19,415 [INFO] CodeEngine:289 - Generated code: F:\BTLHTĐKN\MCU\SLAVE_F429_Ver_2\Core\Src\stm32f4xx_hal_msp.c
2026-05-12 11:36:19,421 [INFO] CodeEngine:265 - oldGeneratedFile, F:\BTLHTĐKN\MCU\SLAVE_F429_Ver_2\MXTmpFiles\system.tmp_save
2026-05-12 11:36:19,537 [INFO] CodeEngine:289 - Generated code: F:\BTLHTĐKN\MCU\SLAVE_F429_Ver_2\MXTmpFiles\system.tmp
2026-05-12 11:36:19,562 [INFO] CodeEngine:321 - oldGeneratedFile, F:\BTLHTĐKN\MCU\SLAVE_F429_Ver_2\Core\Inc\stm32f4xx_hal_conf.h_save
2026-05-12 11:36:19,700 [INFO] CodeEngine:345 - Generated code: F:\BTLHTĐKN\MCU\SLAVE_F429_Ver_2\Core\Inc\stm32f4xx_hal_conf.h
2026-05-12 11:36:19,797 [WARN] IPConfigManager:3811 - IP not found : TIM
2026-05-12 11:36:19,798 [WARN] CodeGenerator:4259 - IP not found : null
2026-05-12 11:36:19,821 [INFO] CodeEngine:265 - oldGeneratedFile, F:\BTLHTĐKN\MCU\SLAVE_F429_Ver_2\Core\Inc\main.h_save
2026-05-12 11:36:19,983 [INFO] CodeEngine:289 - Generated code: F:\BTLHTĐKN\MCU\SLAVE_F429_Ver_2\Core\Inc\main.h
2026-05-12 11:36:19,995 [INFO] CodeEngine:265 - oldGeneratedFile, F:\BTLHTĐKN\MCU\SLAVE_F429_Ver_2\Core\Src\main.c_save
2026-05-12 11:36:20,266 [INFO] CodeEngine:289 - Generated code: F:\BTLHTĐKN\MCU\SLAVE_F429_Ver_2\Core\Src\main.c
2026-05-12 11:36:20,800 [INFO] ProjectBuilder:3606 - Time for Copy HAL[1] : 212mS.
2026-05-12 11:36:20,804 [INFO] ProjectBuilder:5216 - Project Generator version: 4.7.0-B52
2026-05-12 11:36:21,013 [INFO] ConfigFileManager:1595 - The Die is : DIE419
2026-05-12 11:36:22,983 [INFO] ProjectBuilder:5496 - Time for Generating toolchain IDE Files: 2179mS.
2026-05-12 11:36:22,985 [INFO] ProjectBuilder:3463 - Time for Copy CMSIS : 1mS.
2026-05-12 11:36:22,988 [INFO] ProjectBuilder:3463 - Time for Copy CMSIS : 0mS.
2026-05-12 13:13:35,285 [INFO] WebApp:403 - JxBrowser engine has been closed 
